-- phpMyAdmin SQL Dump
-- version 5.0.2
-- https://www.phpmyadmin.net/
--
-- Host: 127.0.0.1
-- Generation Time: Dec 24, 2020 at 08:27 AM
-- Server version: 10.4.14-MariaDB
-- PHP Version: 7.4.10

SET SQL_MODE = "NO_AUTO_VALUE_ON_ZERO";
START TRANSACTION;
SET time_zone = "+00:00";


/*!40101 SET @OLD_CHARACTER_SET_CLIENT=@@CHARACTER_SET_CLIENT */;
/*!40101 SET @OLD_CHARACTER_SET_RESULTS=@@CHARACTER_SET_RESULTS */;
/*!40101 SET @OLD_COLLATION_CONNECTION=@@COLLATION_CONNECTION */;
/*!40101 SET NAMES utf8mb4 */;

--
-- Database: `mydb1`
--

-- --------------------------------------------------------

--
-- Table structure for table `auth_group`
--

CREATE TABLE `auth_group` (
  `id` int(11) NOT NULL,
  `name` varchar(150) NOT NULL
) ENGINE=InnoDB DEFAULT CHARSET=utf8mb4;

-- --------------------------------------------------------

--
-- Table structure for table `auth_group_permissions`
--

CREATE TABLE `auth_group_permissions` (
  `id` int(11) NOT NULL,
  `group_id` int(11) NOT NULL,
  `permission_id` int(11) NOT NULL
) ENGINE=InnoDB DEFAULT CHARSET=utf8mb4;

-- --------------------------------------------------------

--
-- Table structure for table `auth_permission`
--

CREATE TABLE `auth_permission` (
  `id` int(11) NOT NULL,
  `name` varchar(255) NOT NULL,
  `content_type_id` int(11) NOT NULL,
  `codename` varchar(100) NOT NULL
) ENGINE=InnoDB DEFAULT CHARSET=utf8mb4;

--
-- Dumping data for table `auth_permission`
--

INSERT INTO `auth_permission` (`id`, `name`, `content_type_id`, `codename`) VALUES
(1, 'Can add bio', 1, 'add_bio'),
(2, 'Can change bio', 1, 'change_bio'),
(3, 'Can delete bio', 1, 'delete_bio'),
(4, 'Can view bio', 1, 'view_bio'),
(5, 'Can add comment', 2, 'add_comment'),
(6, 'Can change comment', 2, 'change_comment'),
(7, 'Can delete comment', 2, 'delete_comment'),
(8, 'Can view comment', 2, 'view_comment'),
(9, 'Can add darkmode', 3, 'add_darkmode'),
(10, 'Can change darkmode', 3, 'change_darkmode'),
(11, 'Can delete darkmode', 3, 'delete_darkmode'),
(12, 'Can view darkmode', 3, 'view_darkmode'),
(13, 'Can add followers_group', 4, 'add_followers_group'),
(14, 'Can change followers_group', 4, 'change_followers_group'),
(15, 'Can delete followers_group', 4, 'delete_followers_group'),
(16, 'Can view followers_group', 4, 'view_followers_group'),
(17, 'Can add followers_people', 5, 'add_followers_people'),
(18, 'Can change followers_people', 5, 'change_followers_people'),
(19, 'Can delete followers_people', 5, 'delete_followers_people'),
(20, 'Can view followers_people', 5, 'view_followers_people'),
(21, 'Can add group', 6, 'add_group'),
(22, 'Can change group', 6, 'change_group'),
(23, 'Can delete group', 6, 'delete_group'),
(24, 'Can view group', 6, 'view_group'),
(25, 'Can add joinrequest', 7, 'add_joinrequest'),
(26, 'Can change joinrequest', 7, 'change_joinrequest'),
(27, 'Can delete joinrequest', 7, 'delete_joinrequest'),
(28, 'Can view joinrequest', 7, 'view_joinrequest'),
(29, 'Can add like', 8, 'add_like'),
(30, 'Can change like', 8, 'change_like'),
(31, 'Can delete like', 8, 'delete_like'),
(32, 'Can view like', 8, 'view_like'),
(33, 'Can add notificationcount', 9, 'add_notificationcount'),
(34, 'Can change notificationcount', 9, 'change_notificationcount'),
(35, 'Can delete notificationcount', 9, 'delete_notificationcount'),
(36, 'Can view notificationcount', 9, 'view_notificationcount'),
(37, 'Can add ntime', 10, 'add_ntime'),
(38, 'Can change ntime', 10, 'change_ntime'),
(39, 'Can delete ntime', 10, 'delete_ntime'),
(40, 'Can view ntime', 10, 'view_ntime'),
(41, 'Can add posts', 11, 'add_posts'),
(42, 'Can change posts', 11, 'change_posts'),
(43, 'Can delete posts', 11, 'delete_posts'),
(44, 'Can view posts', 11, 'view_posts'),
(45, 'Can add privatepost', 12, 'add_privatepost'),
(46, 'Can change privatepost', 12, 'change_privatepost'),
(47, 'Can delete privatepost', 12, 'delete_privatepost'),
(48, 'Can view privatepost', 12, 'view_privatepost'),
(49, 'Can add privatereply', 13, 'add_privatereply'),
(50, 'Can change privatereply', 13, 'change_privatereply'),
(51, 'Can delete privatereply', 13, 'delete_privatereply'),
(52, 'Can view privatereply', 13, 'view_privatereply'),
(53, 'Can add userid', 14, 'add_userid'),
(54, 'Can change userid', 14, 'change_userid'),
(55, 'Can delete userid', 14, 'delete_userid'),
(56, 'Can view userid', 14, 'view_userid'),
(57, 'Can add logout', 15, 'add_logout'),
(58, 'Can change logout', 15, 'change_logout'),
(59, 'Can delete logout', 15, 'delete_logout'),
(60, 'Can view logout', 15, 'view_logout'),
(61, 'Can add log entry', 16, 'add_logentry'),
(62, 'Can change log entry', 16, 'change_logentry'),
(63, 'Can delete log entry', 16, 'delete_logentry'),
(64, 'Can view log entry', 16, 'view_logentry'),
(65, 'Can add permission', 17, 'add_permission'),
(66, 'Can change permission', 17, 'change_permission'),
(67, 'Can delete permission', 17, 'delete_permission'),
(68, 'Can view permission', 17, 'view_permission'),
(69, 'Can add group', 18, 'add_group'),
(70, 'Can change group', 18, 'change_group'),
(71, 'Can delete group', 18, 'delete_group'),
(72, 'Can view group', 18, 'view_group'),
(73, 'Can add user', 19, 'add_user'),
(74, 'Can change user', 19, 'change_user'),
(75, 'Can delete user', 19, 'delete_user'),
(76, 'Can view user', 19, 'view_user'),
(77, 'Can add content type', 20, 'add_contenttype'),
(78, 'Can change content type', 20, 'change_contenttype'),
(79, 'Can delete content type', 20, 'delete_contenttype'),
(80, 'Can view content type', 20, 'view_contenttype'),
(81, 'Can add session', 21, 'add_session'),
(82, 'Can change session', 21, 'change_session'),
(83, 'Can delete session', 21, 'delete_session'),
(84, 'Can view session', 21, 'view_session'),
(85, 'Can add tutor', 22, 'add_tutor'),
(86, 'Can change tutor', 22, 'change_tutor'),
(87, 'Can delete tutor', 22, 'delete_tutor'),
(88, 'Can view tutor', 22, 'view_tutor'),
(89, 'Can add td', 22, 'add_td'),
(90, 'Can change td', 22, 'change_td'),
(91, 'Can delete td', 22, 'delete_td'),
(92, 'Can view td', 22, 'view_td');

-- --------------------------------------------------------

--
-- Table structure for table `auth_user`
--

CREATE TABLE `auth_user` (
  `id` int(11) NOT NULL,
  `password` varchar(128) NOT NULL,
  `last_login` datetime(6) DEFAULT NULL,
  `is_superuser` tinyint(1) NOT NULL,
  `username` varchar(150) NOT NULL,
  `first_name` varchar(150) NOT NULL,
  `last_name` varchar(150) NOT NULL,
  `email` varchar(254) NOT NULL,
  `is_staff` tinyint(1) NOT NULL,
  `is_active` tinyint(1) NOT NULL,
  `date_joined` datetime(6) NOT NULL
) ENGINE=InnoDB DEFAULT CHARSET=utf8mb4;

--
-- Dumping data for table `auth_user`
--

INSERT INTO `auth_user` (`id`, `password`, `last_login`, `is_superuser`, `username`, `first_name`, `last_name`, `email`, `is_staff`, `is_active`, `date_joined`) VALUES
(2, 'pbkdf2_sha256$216000$ECgR8LaXOWFi$+MRC1QIYDKFtwnYLLdTM1h9uaq9nCOsexoERZ/xVFYs=', '2020-10-28 06:20:06.499583', 1, 'gow', '', '', 'gow@gmail.com', 1, 1, '2020-10-28 06:02:08.469771');

-- --------------------------------------------------------

--
-- Table structure for table `auth_user_groups`
--

CREATE TABLE `auth_user_groups` (
  `id` int(11) NOT NULL,
  `user_id` int(11) NOT NULL,
  `group_id` int(11) NOT NULL
) ENGINE=InnoDB DEFAULT CHARSET=utf8mb4;

-- --------------------------------------------------------

--
-- Table structure for table `auth_user_user_permissions`
--

CREATE TABLE `auth_user_user_permissions` (
  `id` int(11) NOT NULL,
  `user_id` int(11) NOT NULL,
  `permission_id` int(11) NOT NULL
) ENGINE=InnoDB DEFAULT CHARSET=utf8mb4;

-- --------------------------------------------------------

--
-- Table structure for table `django_admin_log`
--

CREATE TABLE `django_admin_log` (
  `id` int(11) NOT NULL,
  `action_time` datetime(6) NOT NULL,
  `object_id` longtext DEFAULT NULL,
  `object_repr` varchar(200) NOT NULL,
  `action_flag` smallint(5) UNSIGNED NOT NULL CHECK (`action_flag` >= 0),
  `change_message` longtext NOT NULL,
  `content_type_id` int(11) DEFAULT NULL,
  `user_id` int(11) NOT NULL
) ENGINE=InnoDB DEFAULT CHARSET=utf8mb4;

--
-- Dumping data for table `django_admin_log`
--

INSERT INTO `django_admin_log` (`id`, `action_time`, `object_id`, `object_repr`, `action_flag`, `change_message`, `content_type_id`, `user_id`) VALUES
(8, '2020-10-28 06:08:46.758875', '1', 'ram', 3, '', 19, 2);

-- --------------------------------------------------------

--
-- Table structure for table `django_content_type`
--

CREATE TABLE `django_content_type` (
  `id` int(11) NOT NULL,
  `app_label` varchar(100) NOT NULL,
  `model` varchar(100) NOT NULL
) ENGINE=InnoDB DEFAULT CHARSET=utf8mb4;

--
-- Dumping data for table `django_content_type`
--

INSERT INTO `django_content_type` (`id`, `app_label`, `model`) VALUES
(16, 'admin', 'logentry'),
(18, 'auth', 'group'),
(17, 'auth', 'permission'),
(19, 'auth', 'user'),
(20, 'contenttypes', 'contenttype'),
(1, 'mectworkplace', 'bio'),
(2, 'mectworkplace', 'comment'),
(3, 'mectworkplace', 'darkmode'),
(4, 'mectworkplace', 'followers_group'),
(5, 'mectworkplace', 'followers_people'),
(6, 'mectworkplace', 'group'),
(7, 'mectworkplace', 'joinrequest'),
(8, 'mectworkplace', 'like'),
(15, 'mectworkplace', 'logout'),
(9, 'mectworkplace', 'notificationcount'),
(10, 'mectworkplace', 'ntime'),
(11, 'mectworkplace', 'posts'),
(12, 'mectworkplace', 'privatepost'),
(13, 'mectworkplace', 'privatereply'),
(22, 'mectworkplace', 'td'),
(14, 'mectworkplace', 'userid'),
(21, 'sessions', 'session');

-- --------------------------------------------------------

--
-- Table structure for table `django_migrations`
--

CREATE TABLE `django_migrations` (
  `id` int(11) NOT NULL,
  `app` varchar(255) NOT NULL,
  `name` varchar(255) NOT NULL,
  `applied` datetime(6) NOT NULL
) ENGINE=InnoDB DEFAULT CHARSET=utf8mb4;

--
-- Dumping data for table `django_migrations`
--

INSERT INTO `django_migrations` (`id`, `app`, `name`, `applied`) VALUES
(1, 'contenttypes', '0001_initial', '2020-09-13 06:11:40.865985'),
(2, 'auth', '0001_initial', '2020-09-13 06:11:43.857690'),
(3, 'admin', '0001_initial', '2020-09-13 06:12:09.520662'),
(4, 'admin', '0002_logentry_remove_auto_add', '2020-09-13 06:12:23.635170'),
(5, 'admin', '0003_logentry_add_action_flag_choices', '2020-09-13 06:12:24.011384'),
(6, 'contenttypes', '0002_remove_content_type_name', '2020-09-13 06:12:26.695461'),
(7, 'auth', '0002_alter_permission_name_max_length', '2020-09-13 06:12:29.518566'),
(8, 'auth', '0003_alter_user_email_max_length', '2020-09-13 06:12:29.879021'),
(9, 'auth', '0004_alter_user_username_opts', '2020-09-13 06:12:29.979240'),
(10, 'auth', '0005_alter_user_last_login_null', '2020-09-13 06:12:31.689447'),
(11, 'auth', '0006_require_contenttypes_0002', '2020-09-13 06:12:31.839535'),
(12, 'auth', '0007_alter_validators_add_error_messages', '2020-09-13 06:12:32.075439'),
(13, 'auth', '0008_alter_user_username_max_length', '2020-09-13 06:12:32.377450'),
(14, 'auth', '0009_alter_user_last_name_max_length', '2020-09-13 06:12:32.713089'),
(15, 'auth', '0010_alter_group_name_max_length', '2020-09-13 06:12:33.250395'),
(16, 'auth', '0011_update_proxy_permissions', '2020-09-13 06:12:33.829537'),
(17, 'mectworkplace', '0001_initial', '2020-09-13 06:13:09.469587'),
(18, 'mectworkplace', '0002_logout', '2020-09-13 06:13:10.741241'),
(19, 'sessions', '0001_initial', '2020-09-13 06:13:13.153696'),
(20, 'auth', '0012_alter_user_first_name_max_length', '2020-10-21 05:42:13.247912'),
(21, 'mectworkplace', '0003_auto_20201012_2044', '2020-10-21 05:42:13.928953'),
(22, 'mectworkplace', '0004_auto_20201013_1101', '2020-10-21 05:42:15.216136'),
(23, 'mectworkplace', '0005_auto_20201021_1112', '2020-10-21 05:42:21.081955'),
(24, 'mectworkplace', '0006_auto_20201022_1006', '2020-10-22 04:36:41.418303'),
(25, 'mectworkplace', '0002_tutor', '2020-12-15 16:42:57.473011'),
(26, 'mectworkplace', '0003_auto_20201216_1412', '2020-12-16 08:42:55.176309'),
(27, 'mectworkplace', '0004_auto_20201216_1441', '2020-12-16 09:11:57.783153'),
(28, 'mectworkplace', '0005_auto_20201216_1446', '2020-12-16 09:19:37.642379');

-- --------------------------------------------------------

--
-- Table structure for table `django_session`
--

CREATE TABLE `django_session` (
  `session_key` varchar(40) NOT NULL,
  `session_data` longtext NOT NULL,
  `expire_date` datetime(6) NOT NULL
) ENGINE=InnoDB DEFAULT CHARSET=utf8mb4;

--
-- Dumping data for table `django_session`
--

INSERT INTO `django_session` (`session_key`, `session_data`, `expire_date`) VALUES
('5ky8wvjhndj0l1j1s2vxeg8tj4aqq5pd', '.eJyrViotTi3KTFGyMtRRyjU0ULKKjtVRSoQxkmCMXENDCCPP0EjJSqm4JLEkM1k_MzcxPbVYv6AoPy0zJ1UXZJReQV66ko5SSmJRNlCdoVItAGPnHQo:1kZToh:hRwixyEMw5__fKWsV1RAy5WeGrPuquibkOaTNzIW67c', '2020-11-16 06:59:47.709901'),
('7tk2qiqghv6d6qxyqksvpk5fh3z7de9e', '.eJyrViotTi3KTFGyMrXQUco1NFCyio7VUUqEMZJgjFxDQwgjz9BIyUqpuCSxJDNZPzM3MT21WL-gKD8tMydVF2SWXkFeulItAEk6GoU:1klWN1:zmQcImKV2Xk5GUMxsPlgBSVV3heFx1uSjb30Lgkpjb0', '2020-12-19 12:08:59.875018'),
('ba9dftq5ppox6gz887sgek2ldia03c81', '.eJxVjDsOwyAQRO9CHSEWMJ-U6X0GxLIQnERYMnYV5e6xJRdJM8W8N_NmIW5rDVvPS5iIXZlkl98OY3rmdgB6xHafeZrbukzID4WftPNxpvy6ne7fQY297mswg0BMgGQoKU1D8QTCKlJyzxJ9oeIMCm11hCLBeCuEMd4BauedYp8v4iE3Fg:1kXeoY:MCKd5-GUwOom4kehdXmNlTLoG0mXaPa_LM7QDaMueOc', '2020-11-11 06:20:06.600042'),
('bpgqmipi0hypc6egohtadxbxqzz3afk0', '.eJyrViotTi3KTFGyMrXQUco1NFCyio7VUUqEMZJgjFxDQwgjz9BIyUqpuCSxJDNZPzM3MT21WL-gKD8tMydVF2SWXkFeulItAEk6GoU:1keckS:d63zpNMiUZvQoXM2rmmxdBym_0YPHb-f-ja_1ICYTvk', '2020-11-30 11:32:40.149362'),
('gpomoddljreem8bxhw3udev8r6o9snbq', '.eJzdULtOAzEQ_JXT1g4--66I_AEUKKIhiAJRGJ85WfFLflRR_p2zs4R09HS7M6PZnTlDzTqZBcRMwLERxPsZYsilQdNE7uk1hRrbzDjpmkUWCQJyjToBAeNWRJ5fDwe4aopxekM4o4xTPg5sFtNe8P1GW3PSKlRfQIzXLRdZau6rCs5p_3PCV2vhBqIngku8m7XVZePY5YOAxDhedvlTtabm4bFmo4aX9l4KX8bqaFQLsZ02ihonV50pUruW_iH6FZrfJ_r1HtD0WEtIw5tMC2BB_R106wD91dysHGP_qWnP-N8V9oQtFMztYwzdMl6-AQslzaA:1krHBF:pdGcuubjsApG6cuF6BCFWGcAlhySezO_5LRHoHPix2Q', '2021-01-04 09:08:37.430281'),
('tcsfgdm5f2l3p55muu0afpac0zupmqxr', '.eJyrViotTi3KTFGyMrXQUco1NFCyio7VUUqEMZJgjFxDQwgjz9BIyUqpuCSxJDNZPzM3MT21WL-gKD8tMydVF2SWXkFeupKOUkpiUTZQnaFSLQB8Qh1G:1km9uP:BpDNvCWEE4cyLIOVS8O9IyTYMdz_9vVoyQPkasZhzMw', '2020-12-21 06:22:05.064836');

-- --------------------------------------------------------

--
-- Table structure for table `mectworkplace_bio`
--

CREATE TABLE `mectworkplace_bio` (
  `userid` int(11) NOT NULL,
  `name` varchar(45) NOT NULL,
  `mobile` varchar(11) NOT NULL,
  `acctype` int(11) NOT NULL,
  `designation` int(11) NOT NULL,
  `profilepic` varchar(45) DEFAULT NULL
) ENGINE=InnoDB DEFAULT CHARSET=utf8mb4;

--
-- Dumping data for table `mectworkplace_bio`
--

INSERT INTO `mectworkplace_bio` (`userid`, `name`, `mobile`, `acctype`, `designation`, `profilepic`) VALUES
(1, 'Palaninatharaja M', '9894094155', 0, 0, 'static/images/profile-user.png'),
(2, 'Kumaraguruparan G', '9865207240', 0, 1, 'static/images/profile-user.png'),
(3, 'KANAGARAJ G', '8667231316', 0, 1, 'static/images/profile-user.png'),
(4, 'Julius Fusic S', '9600663383', 0, 2, 'static/images/profile-user.png'),
(5, 'PARTHASARATHI S', '9843634674', 0, 2, 'static/images/profile-user.png'),
(6, 'RAMESH H', '9486633256', 0, 2, 'static/images/profile-user.png'),
(7, 'GANESH M A', '7598493800', 0, 2, 'static/images/profile-user.png'),
(8, 'SHEIK MASTHAN S A R', '9790935992', 0, 2, 'static/images/profile-user.png'),
(10, 'PRAVEEN KUMAR B', '8939041890', 0, 2, 'static/images/profile-user.png'),
(11, 'DEVARAJAN M M', '9443639739', 0, 2, 'static/images/profile-user.png'),
(12, 'MANIKANDAN S', '9629395025', 0, 2, 'static/images/profile-user.png'),
(13, 'aaruthraa r', '7092249954', 1, 3, 'static/images/profile-user.png'),
(14, 'aishwarya ss', '8072052414', 1, 3, 'static/images/profile-user.png'),
(15, 'ananth', '7448456373', 1, 3, 'static/images/profile-user.png'),
(16, 'annamalai g', '8300575782', 1, 3, 'static/images/profile-user.png'),
(17, 'arjun sadhotra', '8899244029', 1, 3, 'static/images/profile-user.png'),
(18, 'aswin sudarsan b k', '9597502792', 1, 3, 'static/images/profile-user.png'),
(19, 'balaji b', '9080933296', 1, 3, 'static/images/profile-user.png'),
(20, 'bharath balaji e', '8610463974', 1, 3, 'static/images/profile-user.png'),
(21, 'bhaven kumar jain d', '9791800960', 1, 3, 'static/images/profile-user.png'),
(22, 'bujita c', '6385293455', 1, 3, 'static/images/profile-user.png'),
(23, 'deepauk', '8248409610', 1, 3, 'static/images/profile-user.png'),
(24, 'derin viswath m', '9159139638', 1, 3, 'static/images/profile-user.png'),
(25, 'dinesh kumar e l', '9047145787', 1, 3, 'static/images/profile-user.png'),
(26, 'elanchezhian k', '6369737976', 1, 3, 'static/images/profile-user.png'),
(27, 'gomathi sankar ', '6382677012', 1, 3, 'static/images/profile-user.png'),
(28, 'gopinath m', '9843923660', 1, 3, 'static/images/profile-user.png'),
(29, 'gowtham s', '6369364827', 1, 3, 'static/images/profile-user.png'),
(30, 'hariharan a l', '7339224690', 1, 3, 'static/images/profile-user.png'),
(31, 'harikeswaran', '6380878173', 1, 3, 'static/images/profile-user.png'),
(32, 'harimuthuchandran', '6369886855', 1, 3, 'static/images/profile-user.png'),
(33, 'harishvasanth', '6382219912', 1, 3, 'static/images/profile-user.png'),
(34, 'hemachandran', '9655786097', 1, 3, 'static/images/profile-user.png'),
(35, 'jayaseelan', '9047482307', 1, 3, 'static/images/profile-user.png'),
(36, 'Jeyasakthi', '9600245994', 1, 3, 'static/images/profile-user.png'),
(37, 'kaushik vishwanath s m', '9176977995', 1, 3, 'static/images/profile-user.png'),
(38, 'logesh v', '9626191461', 1, 3, 'static/images/profile-user.png'),
(39, 'manoj kumar', '9047904101', 1, 3, 'static/images/profile-user.png'),
(40, 'mohammed fiazudeen', '7339685105', 1, 3, 'static/images/profile-user.png'),
(41, 'naveetha kannan m c', '6369591025', 1, 3, 'static/images/profile-user.png'),
(42, 'navaneethan', '6383170537', 1, 3, 'static/images/profile-user.png'),
(43, 'naveen k', '7010496296', 1, 3, 'static/images/profile-user.png'),
(44, 'naveen prasath', '8056554641', 1, 3, 'static/images/profile-user.png'),
(45, 'nikhilesh babu', '9488165072', 1, 3, 'static/images/profile-user.png'),
(46, 'niranjanraaj c s', '9003254138', 1, 3, 'static/images/profile-user.png'),
(47, 'nisanth', '6369104170', 1, 3, 'static/images/profile-user.png'),
(48, 'nivas', '8825958425', 1, 3, 'static/images/profile-user.png'),
(49, 'om prakash', '9789568134', 1, 3, 'static/images/profile-user.png'),
(50, 'potheeraj', '6383244955', 1, 3, 'static/images/profile-user.png'),
(51, 'prabhakaran k', '7598054442', 1, 3, 'static/images/profile-user.png'),
(52, 'pradeep c', '9788893544', 1, 3, 'static/images/profile-user.png'),
(53, 'prasanth v', '9790454039', 1, 3, 'static/images/profile-user.png'),
(54, 'pravinraj', '8220312061', 1, 3, 'static/images/profile-user.png'),
(55, 'ragul k', '9566478276', 1, 3, 'static/images/profile-user.png'),
(56, 'rajadurai', '7449224261', 1, 3, 'static/images/profile-user.png'),
(57, 'raja sheeba', '9514723747', 1, 3, 'static/images/profile-user.png'),
(58, 'Ram sankar s', '7397581665', 1, 3, 'static/images/profile-user.png'),
(59, 'reshma k k', '6379343300', 1, 3, 'static/images/profile-user.png'),
(60, 'rishikesh', '9566653239', 1, 3, 'static/images/profile-user.png'),
(61, 'sankarnarayanan', '8610562930', 1, 3, 'static/images/profile-user.png'),
(62, 'sarath ram shankar', '9655820980', 1, 3, 'static/images/profile-user.png'),
(63, 'sateesh kumar', '9489803017', 1, 3, 'static/images/profile-user.png'),
(64, 'sathyanarayana', '7358412781', 1, 3, 'static/images/profile-user.png'),
(65, 'shivani priya', '9585281333', 1, 3, 'static/images/profile-user.png'),
(66, 'sri ganesh', '6379813323', 1, 3, 'static/images/profile-user.png'),
(67, 'srikaanth', '6369318119', 1, 3, 'static/images/profile-user.png'),
(68, 'subbiah a n', '9597708197', 1, 3, 'static/images/profile-user.png'),
(69, 'swathilakshmi p r k', '9043765358', 1, 3, 'static/images/profile-user.png'),
(70, 'thilagar', '7373954540', 1, 3, 'static/images/profile-user.png'),
(71, 'udhayan', '9487613476', 1, 3, 'static/images/profile-user.png'),
(72, 'vickram c p', '8489278499', 1, 3, 'static/images/profile-user.png'),
(73, 'vishal r b', '7019531984', 1, 3, 'static/images/profile-user.png'),
(74, 'vishnuvijay', '8072107144', 1, 3, 'static/images/profile-user.png'),
(75, 'vishnukumar a r', '8098215553', 1, 3, 'static/images/profile-user.png'),
(76, 'vishwa', '9677740561', 1, 3, 'static/images/profile-user.png'),
(77, 'yogaprakash', '8754940240', 1, 3, 'static/images/profile-user.png'),
(78, 'aathith sanjay b k', '8220036536', 1, 3, 'static/images/profile-user.png'),
(79, 'anbarasan', ' 8973961139', 1, 3, 'static/images/profile-user.png'),
(80, 'anishdevan', '9965590502', 1, 3, 'static/images/profile-user.png'),
(81, 'anjana t s', '6379312871', 1, 3, 'static/images/profile-user.png'),
(82, 'annamalai r m', '9514793299', 1, 3, 'static/images/profile-user.png'),
(83, 'balaji m', '8940867178', 1, 3, 'static/images/profile-user.png'),
(84, 'bharatheeswaran', '7092756458', 1, 3, 'static/images/profile-user.png'),
(85, 'bhavhadharani s d', '9443683347', 1, 3, 'static/images/profile-user.png'),
(86, 'borris leo s', '9361352061', 1, 3, 'static/images/profile-user.png'),
(87, 'buvana', '9361405922', 1, 3, 'static/images/profile-user.png'),
(88, 'buvanesvar', '9443303030', 1, 3, 'static/images/profile-user.png'),
(89, 'chellaramu', '8220991113', 1, 3, 'static/images/profile-user.png'),
(90, 'devakumar', '8925353825', 1, 3, 'static/images/profile-user.png'),
(91, 'dhana sekaran', '9791294151', 1, 3, 'static/images/profile-user.png'),
(92, 'dharun', '6369973692', 1, 3, 'static/images/profile-user.png'),
(94, 'fazith ahamed', ' 8122814281', 1, 3, 'static/images/profile-user.png'),
(95, 'gayathri s k', '8248720502', 1, 3, 'static/images/profile-user.png'),
(96, 'harenee', '8825931686', 1, 3, 'static/images/profile-user.png'),
(97, 'hariharapriyan', '6380585652', 1, 3, 'static/images/profile-user.png'),
(98, 'karthick', '9361086982', 1, 3, 'static/images/profile-user.png'),
(99, 'kiruthika', '9360267344', 1, 3, 'static/images/profile-user.png'),
(100, 'kishore', '8754170152', 1, 3, 'static/images/profile-user.png'),
(101, 'madhubala d', '6369385479', 1, 3, 'static/images/profile-user.png'),
(102, 'madhumitha', '6380409934', 1, 3, 'static/images/profile-user.png'),
(103, 'manojkumarmuthukrishnan', '9597924004', 1, 3, 'static/images/profile-user.png'),
(104, 'mohanram', '8012831283', 1, 3, 'static/images/profile-user.png'),
(105, 'muralemanohar', '9087255537', 1, 3, 'static/images/profile-user.png'),
(106, 'navinkumar', '7092567183', 1, 3, 'static/images/profile-user.png'),
(107, 'palanikumar', '7708518636', 1, 3, 'static/images/profile-user.png'),
(108, 'pranav', '7904324043', 1, 3, 'static/images/profile-user.png'),
(109, 'prasanth', '6380100928', 1, 3, 'static/images/profile-user.png'),
(110, 'prathaban m', '9789590770', 1, 3, 'static/images/profile-user.png'),
(111, 'praveenraj k', '9788743604', 1, 3, 'static/images/profile-user.png'),
(112, 'preethammeenaakshi', '9361317547', 1, 3, 'static/images/profile-user.png'),
(113, 'preethi s p', '9943518911', 1, 3, 'static/images/profile-user.png'),
(114, 'radha', '8903248902', 1, 3, 'static/images/profile-user.png'),
(115, 'rajasridhar', '9360526010', 1, 3, 'static/images/profile-user.png'),
(116, 'rakeshkumar', '8610628558', 1, 3, 'static/images/profile-user.png'),
(117, 'roobini', '7639033227', 1, 3, 'static/images/profile-user.png'),
(118, 'santhiyadevi', '8754886481', 1, 3, 'static/images/profile-user.png'),
(119, 'saravanamurthi', '6385467150', 1, 3, 'static/images/profile-user.png'),
(120, 'selvaraj', '8825277112', 1, 3, 'static/images/profile-user.png'),
(121, 'senthil kumar', '9994168122', 1, 3, 'static/images/profile-user.png'),
(122, 'shajith', '9150464544', 1, 3, 'static/images/profile-user.png'),
(123, 'shamitha', '7598901813', 1, 3, 'static/images/profile-user.png'),
(124, 'shanmugam', '9677276289', 1, 3, 'static/images/profile-user.png'),
(125, 'shathyashri', '9361444892', 1, 3, 'static/images/profile-user.png'),
(126, 'shriram s', '9384403707', 1, 3, 'static/images/profile-user.png'),
(127, 'sibiganesh', '9487083572', 1, 3, 'static/images/profile-user.png'),
(128, 'sivaranjani k', '9843093839', 1, 3, 'static/images/profile-user.png'),
(129, 'sridhar', '9943699122', 1, 3, 'static/images/profile-user.png'),
(130, 'thamil eniann', '9566788655', 1, 3, 'static/images/profile-user.png'),
(131, 'vasanth s', '9360355998', 1, 3, 'static/images/profile-user.png'),
(132, 'vibbin', '8925182025', 1, 3, 'static/images/profile-user.png'),
(133, 'vigneshkumar r', '8608886255', 1, 3, 'static/images/profile-user.png'),
(134, 'vishaal', '7339360863', 1, 3, 'static/images/profile-user.png'),
(135, 'vishunu karthick m', '8667006762', 1, 3, 'static/images/profile-user.png'),
(136, 'vishnupriya', '9789951486', 1, 3, 'static/images/profile-user.png'),
(137, 'vishnuraj', '9566145373', 1, 3, 'static/images/profile-user.png'),
(138, 'vishwanath', '9361145100', 1, 3, 'static/images/profile-user.png'),
(139, 'AANCHAN NARAYANAN R', '9843080878', 1, 3, 'static/images/profile-user.png'),
(140, 'abishek d k', '8056965697', 1, 3, 'static/images/profile-user.png'),
(141, 'abitha', '9514417780', 1, 3, 'static/images/profile-user.png'),
(142, 'annamalai', '9488251207', 1, 3, 'static/images/profile-user.png'),
(143, 'anubharathy', '9629045585', 1, 3, 'static/images/profile-user.png'),
(144, 'ashok', '8807113665', 1, 3, 'static/images/profile-user.png'),
(145, 'azith kumar', '7358892911', 1, 3, 'static/images/profile-user.png'),
(146, 'balasaravanan', '9442245216', 1, 3, 'static/images/profile-user.png'),
(147, 'balajikrishna', '8300783005', 1, 3, 'static/images/profile-user.png'),
(148, 'barath s', '9080718367', 1, 3, 'static/images/profile-user.png'),
(149, 'bhagavathi', '9003926635', 1, 3, 'static/images/profile-user.png'),
(150, 'bhagyalakshmi', '8637616942', 1, 3, 'static/images/profile-user.png'),
(151, 'boopathy', '9952355553', 1, 3, 'static/images/profile-user.png'),
(152, 'deepakraja', '8825655352', 1, 3, 'static/images/profile-user.png'),
(153, 'hari', '9092236432', 1, 3, 'static/images/profile-user.png'),
(154, 'harish t', '9894499173', 1, 3, 'static/images/profile-user.png'),
(155, 'ijaas ahamed', '7598130128', 1, 3, 'static/images/profile-user.png'),
(156, 'kamali n u', '9655977671', 1, 3, 'static/images/profile-user.png'),
(157, 'karthikeyan m', '8903386524', 1, 3, 'static/images/profile-user.png'),
(158, 'kenneth', '7540052733', 1, 3, 'static/images/profile-user.png'),
(159, 'krupal', '7373750442', 1, 3, 'static/images/profile-user.png'),
(160, 'lokeshkanna', '7010156310', 1, 3, 'static/images/profile-user.png'),
(161, 'melvin', '9080728955', 1, 3, 'static/images/profile-user.png'),
(162, 'muthupriya', '7339486625', 1, 3, 'static/images/profile-user.png'),
(163, 'nagarjun', '7904390513', 1, 3, 'static/images/profile-user.png'),
(164, 'nandhakumar', '7530063325', 1, 3, 'static/images/profile-user.png'),
(165, 'parithipriyan', '9751348386', 1, 3, 'static/images/profile-user.png'),
(166, 'prabhu s', '8428379288', 1, 3, 'static/images/profile-user.png'),
(167, 'prabu m', '8668017530', 1, 3, 'static/images/profile-user.png'),
(168, 'pratheesh', '9442994481', 1, 3, 'static/images/profile-user.png'),
(169, 'prem kumar', '9487813524', 1, 3, 'static/images/profile-user.png'),
(170, 'prithan', '8270666818', 1, 3, 'static/images/profile-user.png'),
(171, 'raman', '9952790536', 1, 3, 'static/images/profile-user.png'),
(172, 'ramanthan', '8667327284', 1, 3, 'static/images/profile-user.png'),
(173, 'ramasamy', '9600464602', 1, 3, 'static/images/profile-user.png'),
(174, 'ram kumar', '9843150729', 1, 3, 'static/images/profile-user.png'),
(175, 'reshma', '8838392805', 1, 3, 'static/images/profile-user.png'),
(176, 'rishikumar', '8778753869', 1, 3, 'static/images/profile-user.png'),
(177, 'rishisriram', '9566464020', 1, 3, 'static/images/profile-user.png'),
(178, 'riyazur', '6381132041', 1, 3, 'static/images/profile-user.png'),
(179, 'sabari vengadesh', '8300881082', 1, 3, 'static/images/profile-user.png'),
(180, 'santhoshsivan', '7397339857', 1, 3, 'static/images/profile-user.png'),
(181, 'santhoshi', '8072993079', 1, 3, 'static/images/profile-user.png'),
(182, 'sarveshwaran', '8098624238', 1, 3, 'static/images/profile-user.png'),
(183, 'selvaganesh', '9962239709', 1, 3, 'static/images/profile-user.png'),
(184, 'shreya', '9445604722', 1, 3, 'static/images/profile-user.png'),
(185, 'shyamsundar', '7538835502', 1, 3, 'static/images/profile-user.png'),
(186, 'sivakumar', '7402629657', 1, 3, 'static/images/profile-user.png'),
(187, 'srinivas', '8248607808', 1, 3, 'static/images/profile-user.png'),
(188, 'suryanarayanan', '9043098119', 1, 3, 'static/images/profile-user.png'),
(189, 'sylesh', '7094260007', 1, 3, 'static/images/profile-user.png'),
(190, 'thirumani', '8148745421', 1, 3, 'static/images/profile-user.png'),
(191, 'vigneswaran', '7339647538', 1, 3, 'static/images/profile-user.png'),
(192, 'vijay kumar', '9445165519', 1, 3, 'static/images/profile-user.png'),
(193, 'vijay p', '9489969883', 1, 3, 'static/images/profile-user.png'),
(194, 'vijaysaravana', '7639245009', 1, 3, 'static/images/profile-user.png'),
(195, 'vijayviswanath', '8668036622', 1, 3, 'static/images/profile-user.png'),
(196, 'vimalkrishnan', '8489953213', 1, 3, 'static/images/profile-user.png'),
(197, 'vishnu', '9585418598', 1, 3, 'static/images/profile-user.png'),
(198, 'vishnuvarthan', '8122528024', 1, 3, 'static/images/profile-user.png'),
(199, 'viswass', '7667501504', 1, 3, 'static/images/profile-user.png'),
(200, 'yogesh', '9486210793', 1, 3, 'static/images/profile-user.png'),
(201, 'yuvaraja', '8072137402', 1, 3, 'static/images/profile-user.png'),
(202, 'abishek t', '6382495313', 1, 3, 'static/images/profile-user.png');

-- --------------------------------------------------------

--
-- Table structure for table `mectworkplace_comment`
--

CREATE TABLE `mectworkplace_comment` (
  `id` int(11) NOT NULL,
  `postid` int(11) NOT NULL,
  `userid` int(11) NOT NULL,
  `commentdata` varchar(45) DEFAULT NULL,
  `commenttime` varchar(35) DEFAULT NULL
) ENGINE=InnoDB DEFAULT CHARSET=utf8mb4;

-- --------------------------------------------------------

--
-- Table structure for table `mectworkplace_darkmode`
--

CREATE TABLE `mectworkplace_darkmode` (
  `id` int(11) NOT NULL,
  `userid` int(11) NOT NULL,
  `dark` int(11) NOT NULL
) ENGINE=InnoDB DEFAULT CHARSET=utf8mb4;

--
-- Dumping data for table `mectworkplace_darkmode`
--

INSERT INTO `mectworkplace_darkmode` (`id`, `userid`, `dark`) VALUES
(1, 1, 1),
(2, 2, 0),
(3, 3, 0),
(4, 4, 0),
(5, 5, 0),
(6, 6, 0),
(7, 7, 0),
(8, 8, 0),
(9, 10, 0),
(10, 11, 0),
(11, 12, 0),
(12, 13, 0),
(13, 14, 0),
(14, 14, 0),
(15, 15, 0),
(16, 16, 0),
(17, 17, 0),
(18, 18, 0),
(19, 19, 0),
(20, 20, 0),
(21, 21, 0),
(22, 22, 0),
(23, 23, 0),
(24, 24, 0),
(25, 25, 0),
(26, 26, 0),
(27, 27, 0),
(28, 28, 0),
(29, 29, 0),
(30, 30, 0),
(31, 31, 0),
(32, 32, 0),
(33, 33, 0),
(34, 34, 0),
(35, 35, 0),
(36, 36, 0),
(37, 37, 0),
(38, 38, 0),
(39, 39, 0),
(40, 40, 0),
(41, 41, 0),
(42, 42, 0),
(43, 43, 0),
(44, 44, 0),
(45, 45, 0),
(46, 46, 0),
(47, 47, 0),
(48, 48, 0),
(49, 49, 0),
(50, 50, 0),
(51, 51, 0),
(52, 52, 0),
(53, 53, 0),
(54, 54, 0),
(55, 55, 0),
(56, 56, 0),
(57, 57, 0),
(58, 58, 0),
(59, 59, 0),
(60, 60, 0),
(61, 61, 0),
(62, 62, 0),
(63, 63, 0),
(64, 64, 0),
(65, 65, 0),
(66, 66, 1),
(67, 67, 0),
(68, 68, 0),
(69, 69, 0),
(70, 70, 0),
(71, 71, 0),
(72, 72, 0),
(73, 73, 0),
(74, 74, 0),
(75, 75, 0),
(76, 76, 0),
(77, 77, 0),
(78, 78, 0),
(79, 79, 0),
(80, 80, 0),
(81, 81, 0),
(82, 82, 0),
(83, 83, 0),
(84, 84, 0),
(85, 85, 0),
(86, 86, 0),
(100, 87, 0),
(101, 88, 0),
(102, 89, 0),
(103, 90, 0),
(104, 91, 0),
(105, 92, 0),
(106, 94, 0),
(107, 95, 0),
(108, 96, 0),
(109, 97, 0),
(110, 98, 0),
(111, 99, 0),
(112, 100, 0),
(113, 101, 0),
(114, 102, 0),
(115, 103, 0),
(116, 104, 0),
(117, 105, 0),
(118, 106, 0),
(119, 107, 0),
(120, 108, 0),
(121, 109, 0),
(122, 110, 0),
(123, 111, 0),
(124, 112, 0),
(125, 113, 0),
(126, 114, 0),
(127, 115, 0),
(128, 116, 0),
(129, 117, 0),
(130, 118, 0),
(131, 119, 0),
(132, 120, 0),
(133, 121, 0),
(134, 122, 0),
(135, 123, 0),
(136, 124, 0),
(137, 125, 0),
(138, 126, 0),
(139, 127, 0),
(140, 128, 0),
(141, 129, 0),
(142, 130, 0),
(143, 131, 0),
(144, 132, 0),
(145, 133, 0),
(146, 134, 0),
(147, 135, 0),
(148, 136, 0),
(149, 137, 0),
(150, 138, 0),
(151, 139, 0),
(152, 140, 0),
(153, 141, 0),
(154, 142, 0),
(155, 143, 0),
(156, 144, 0),
(157, 145, 0),
(158, 146, 0),
(159, 147, 0),
(160, 148, 0),
(161, 149, 0),
(162, 150, 0),
(163, 151, 0),
(164, 152, 0),
(165, 153, 0),
(166, 154, 0),
(167, 155, 0),
(168, 156, 0),
(169, 157, 0),
(170, 158, 0),
(171, 159, 0),
(172, 160, 0),
(173, 161, 0),
(174, 162, 0),
(175, 163, 0),
(176, 164, 0),
(177, 165, 0),
(178, 166, 0),
(179, 167, 0),
(180, 168, 0),
(181, 169, 0),
(182, 170, 0),
(183, 171, 0),
(184, 172, 0),
(185, 173, 0),
(186, 174, 0),
(187, 175, 0),
(188, 176, 0),
(189, 177, 0),
(190, 178, 0),
(191, 179, 0),
(192, 180, 0),
(193, 181, 0),
(194, 182, 0),
(195, 183, 0),
(196, 184, 0),
(197, 185, 0),
(198, 186, 0),
(199, 187, 0),
(200, 188, 0),
(201, 189, 0),
(202, 190, 0),
(203, 191, 0),
(204, 192, 0),
(205, 193, 0),
(206, 194, 0),
(207, 195, 0),
(208, 196, 0),
(209, 197, 0),
(210, 198, 0),
(211, 199, 0),
(212, 200, 0),
(213, 201, 0),
(214, 202, 0);

-- --------------------------------------------------------

--
-- Table structure for table `mectworkplace_followers_group`
--

CREATE TABLE `mectworkplace_followers_group` (
  `id` int(11) NOT NULL,
  `userid` int(11) NOT NULL,
  `groupid` int(11) NOT NULL
) ENGINE=InnoDB DEFAULT CHARSET=utf8mb4;

-- --------------------------------------------------------

--
-- Table structure for table `mectworkplace_followers_people`
--

CREATE TABLE `mectworkplace_followers_people` (
  `id` int(11) NOT NULL,
  `id_to_follow` int(11) NOT NULL,
  `id_follow` int(11) NOT NULL
) ENGINE=InnoDB DEFAULT CHARSET=utf8mb4;

-- --------------------------------------------------------

--
-- Table structure for table `mectworkplace_group`
--

CREATE TABLE `mectworkplace_group` (
  `groupid` int(11) NOT NULL,
  `adminid` int(11) NOT NULL,
  `groupname` varchar(45) NOT NULL,
  `groupdp` varchar(100) DEFAULT NULL
) ENGINE=InnoDB DEFAULT CHARSET=utf8mb4;

--
-- Dumping data for table `mectworkplace_group`
--

INSERT INTO `mectworkplace_group` (`groupid`, `adminid`, `groupname`, `groupdp`) VALUES
(7, 0, 'MECT - General', 'static/group/MECT - General.png'),
(12, 0, 'Tutor Ward', 'static/group/Tutor Ward.png');

-- --------------------------------------------------------

--
-- Table structure for table `mectworkplace_joinrequest`
--

CREATE TABLE `mectworkplace_joinrequest` (
  `id` int(11) NOT NULL,
  `personid` int(11) NOT NULL,
  `groupd` int(11) NOT NULL
) ENGINE=InnoDB DEFAULT CHARSET=utf8mb4;

-- --------------------------------------------------------

--
-- Table structure for table `mectworkplace_like`
--

CREATE TABLE `mectworkplace_like` (
  `id` int(11) NOT NULL,
  `postid` int(11) NOT NULL,
  `userid` int(11) NOT NULL,
  `liketime` varchar(35) DEFAULT NULL
) ENGINE=InnoDB DEFAULT CHARSET=utf8mb4;

-- --------------------------------------------------------

--
-- Table structure for table `mectworkplace_logout`
--

CREATE TABLE `mectworkplace_logout` (
  `id` int(11) NOT NULL,
  `userid` int(11) NOT NULL,
  `lflag` int(11) NOT NULL
) ENGINE=InnoDB DEFAULT CHARSET=utf8mb4;

--
-- Dumping data for table `mectworkplace_logout`
--

INSERT INTO `mectworkplace_logout` (`id`, `userid`, `lflag`) VALUES
(1, 1, 0),
(2, 2, 1),
(3, 3, 1),
(4, 4, 0),
(5, 5, 1),
(6, 6, 1),
(7, 7, 1),
(8, 8, 1),
(9, 10, 1),
(10, 11, 1),
(11, 12, 1),
(12, 13, 1),
(13, 14, 1),
(14, 14, 1),
(15, 15, 1),
(16, 16, 1),
(17, 17, 1),
(18, 18, 1),
(19, 19, 1),
(20, 20, 1),
(21, 21, 1),
(22, 22, 1),
(23, 23, 1),
(24, 24, 1),
(25, 25, 1),
(26, 26, 1),
(27, 27, 1),
(28, 28, 1),
(29, 29, 1),
(30, 30, 1),
(31, 31, 1),
(32, 32, 1),
(33, 33, 1),
(34, 34, 1),
(35, 35, 1),
(36, 36, 1),
(37, 37, 1),
(38, 38, 1),
(39, 39, 1),
(40, 40, 1),
(41, 41, 1),
(42, 42, 1),
(43, 43, 1),
(44, 44, 1),
(45, 45, 1),
(46, 46, 1),
(47, 47, 1),
(48, 48, 1),
(49, 49, 1),
(50, 50, 1),
(51, 51, 1),
(52, 52, 1),
(53, 53, 1),
(54, 54, 1),
(55, 55, 1),
(56, 56, 1),
(57, 57, 1),
(58, 58, 1),
(59, 59, 1),
(60, 60, 1),
(61, 61, 1),
(62, 62, 1),
(63, 63, 1),
(64, 64, 1),
(65, 65, 1),
(66, 66, 1),
(67, 67, 1),
(68, 68, 1),
(69, 69, 1),
(70, 70, 1),
(71, 71, 1),
(72, 72, 1),
(73, 73, 1),
(74, 74, 1),
(75, 75, 1),
(76, 76, 1),
(77, 77, 1),
(78, 78, 1),
(79, 79, 1),
(80, 80, 1),
(81, 81, 1),
(82, 82, 1),
(83, 83, 1),
(84, 84, 1),
(85, 85, 1),
(86, 86, 1),
(100, 87, 1),
(101, 88, 1),
(102, 89, 1),
(103, 90, 1),
(104, 91, 1),
(105, 92, 1),
(106, 94, 1),
(107, 95, 1),
(108, 96, 1),
(109, 97, 1),
(110, 98, 1),
(111, 99, 1),
(112, 100, 1),
(113, 101, 1),
(114, 102, 1),
(115, 103, 1),
(116, 104, 1),
(117, 105, 1),
(118, 106, 1),
(119, 107, 1),
(120, 108, 1),
(121, 109, 1),
(122, 110, 1),
(123, 111, 1),
(124, 112, 1),
(125, 113, 1),
(126, 114, 1),
(127, 115, 1),
(128, 116, 1),
(129, 117, 1),
(130, 118, 1),
(131, 119, 1),
(132, 120, 1),
(133, 121, 1),
(134, 122, 1),
(135, 123, 1),
(136, 124, 1),
(137, 125, 1),
(138, 126, 1),
(139, 127, 1),
(140, 128, 1),
(141, 129, 1),
(142, 130, 1),
(143, 131, 1),
(144, 132, 1),
(145, 133, 1),
(146, 134, 1),
(147, 135, 1),
(148, 136, 1),
(149, 137, 1),
(150, 138, 1),
(151, 139, 1),
(152, 140, 1),
(153, 141, 1),
(154, 142, 1),
(155, 143, 1),
(156, 144, 1),
(157, 145, 1),
(158, 146, 1),
(159, 147, 1),
(160, 148, 1),
(161, 149, 1),
(162, 150, 1),
(163, 151, 1),
(164, 152, 1),
(165, 153, 1),
(166, 154, 1),
(167, 155, 1),
(168, 156, 1),
(169, 157, 1),
(170, 158, 1),
(171, 159, 1),
(172, 160, 1),
(173, 161, 1),
(174, 162, 1),
(175, 163, 1),
(176, 164, 1),
(177, 165, 1),
(178, 166, 1),
(179, 167, 1),
(180, 168, 1),
(181, 169, 1),
(182, 170, 1),
(183, 171, 1),
(184, 172, 1),
(185, 173, 1),
(186, 174, 1),
(187, 175, 1),
(188, 176, 1),
(189, 177, 1),
(190, 178, 1),
(191, 179, 1),
(192, 180, 1),
(193, 181, 1),
(194, 182, 1),
(195, 183, 1),
(196, 184, 1),
(197, 185, 1),
(198, 186, 1),
(199, 187, 1),
(200, 188, 1),
(201, 189, 1),
(202, 190, 1),
(203, 191, 1),
(204, 192, 1),
(205, 193, 1),
(206, 194, 1),
(207, 195, 1),
(208, 196, 1),
(209, 197, 1),
(210, 198, 1),
(211, 199, 1),
(212, 200, 1),
(213, 201, 1),
(214, 202, 1);

-- --------------------------------------------------------

--
-- Table structure for table `mectworkplace_notificationcount`
--

CREATE TABLE `mectworkplace_notificationcount` (
  `id` int(11) NOT NULL,
  `userid` int(11) NOT NULL,
  `nocount` int(11) NOT NULL
) ENGINE=InnoDB DEFAULT CHARSET=utf8mb4;

--
-- Dumping data for table `mectworkplace_notificationcount`
--

INSERT INTO `mectworkplace_notificationcount` (`id`, `userid`, `nocount`) VALUES
(1, 1, 2),
(2, 2, 0),
(3, 3, 0),
(4, 4, 10),
(5, 5, 0),
(6, 6, 0),
(7, 7, 0),
(8, 8, 0),
(9, 10, 0),
(10, 11, 0),
(11, 12, 0),
(12, 13, 0),
(13, 14, 0),
(14, 14, 0),
(15, 15, 0),
(16, 16, 0),
(17, 17, 0),
(18, 18, 0),
(19, 19, 0),
(20, 20, 0),
(21, 21, 0),
(22, 22, 0),
(23, 23, 0),
(24, 24, 0),
(25, 25, 0),
(26, 26, 0),
(27, 27, 0),
(28, 28, 0),
(29, 29, 0),
(30, 30, 0),
(31, 31, 0),
(32, 32, 0),
(33, 33, 0),
(34, 34, 0),
(35, 35, 0),
(36, 36, 0),
(37, 37, 0),
(38, 38, 0),
(39, 39, 0),
(40, 40, 0),
(41, 41, 0),
(42, 42, 0),
(43, 43, 0),
(44, 44, 0),
(45, 45, 0),
(46, 46, 0),
(47, 47, 0),
(48, 48, 0),
(49, 49, 0),
(50, 50, 0),
(51, 51, 0),
(52, 52, 0),
(53, 53, 0),
(54, 54, 0),
(55, 55, 0),
(56, 56, 0),
(57, 57, 0),
(58, 58, 8),
(59, 59, 0),
(60, 60, 0),
(61, 61, 0),
(62, 62, 0),
(63, 63, 0),
(64, 64, 0),
(65, 65, 0),
(66, 66, 0),
(67, 67, 0),
(68, 68, 0),
(69, 69, 0),
(70, 70, 0),
(71, 71, 0),
(72, 72, 0),
(73, 73, 0),
(74, 74, 0),
(75, 75, 0),
(76, 76, 0),
(77, 77, 0),
(78, 78, 0),
(79, 79, 0),
(80, 80, 0),
(81, 81, 0),
(82, 82, 0),
(83, 83, 0),
(84, 84, 0),
(85, 85, 0),
(86, 86, 0),
(100, 87, 0),
(101, 88, 0),
(102, 89, 0),
(103, 90, 0),
(104, 91, 0),
(105, 92, 0),
(106, 94, 0),
(107, 95, 0),
(108, 96, 0),
(109, 97, 0),
(110, 98, 0),
(111, 99, 0),
(112, 100, 0),
(113, 101, 0),
(114, 102, 0),
(115, 103, 0),
(116, 104, 0),
(117, 105, 0),
(118, 106, 0),
(119, 107, 0),
(120, 108, 0),
(121, 109, 0),
(122, 110, 0),
(123, 111, 0),
(124, 112, 0),
(125, 113, 0),
(126, 114, 0),
(127, 115, 0),
(128, 116, 0),
(129, 117, 0),
(130, 118, 0),
(131, 119, 0),
(132, 120, 0),
(133, 121, 0),
(134, 122, 0),
(135, 123, 0),
(136, 124, 0),
(137, 125, 0),
(138, 126, 0),
(139, 127, 0),
(140, 128, 0),
(141, 129, 0),
(142, 130, 0),
(143, 131, 0),
(144, 132, 0),
(145, 133, 0),
(146, 134, 0),
(147, 135, 0),
(148, 136, 0),
(149, 137, 0),
(150, 138, 0),
(151, 139, 0),
(152, 140, 0),
(153, 141, 0),
(154, 142, 0),
(155, 143, 0),
(156, 144, 0),
(157, 145, 0),
(158, 146, 0),
(159, 147, 0),
(160, 148, 0),
(161, 149, 0),
(162, 150, 0),
(163, 151, 0),
(164, 152, 0),
(165, 153, 0),
(166, 154, 0),
(167, 155, 0),
(168, 156, 0),
(169, 157, 0),
(170, 158, 0),
(171, 159, 0),
(172, 160, 0),
(173, 161, 0),
(174, 162, 0),
(175, 163, 0),
(176, 164, 0),
(177, 165, 0),
(178, 166, 0),
(179, 167, 0),
(180, 168, 0),
(181, 169, 0),
(182, 170, 0),
(183, 171, 0),
(184, 172, 0),
(185, 173, 0),
(186, 174, 0),
(187, 175, 0),
(188, 176, 0),
(189, 177, 0),
(190, 178, 0),
(191, 179, 0),
(192, 180, 0),
(193, 181, 0),
(194, 182, 0),
(195, 183, 0),
(196, 184, 0),
(197, 185, 0),
(198, 186, 0),
(199, 187, 0),
(200, 188, 0),
(201, 189, 0),
(202, 190, 0),
(203, 191, 0),
(204, 192, 0),
(205, 193, 0),
(206, 194, 0),
(207, 195, 0),
(208, 196, 0),
(209, 197, 0),
(210, 198, 0),
(211, 199, 0),
(212, 200, 0),
(213, 201, 0),
(214, 202, 0);

-- --------------------------------------------------------

--
-- Table structure for table `mectworkplace_ntime`
--

CREATE TABLE `mectworkplace_ntime` (
  `id` int(11) NOT NULL,
  `userid` int(11) NOT NULL,
  `ptime` varchar(50) NOT NULL,
  `etime` varchar(50) NOT NULL
) ENGINE=InnoDB DEFAULT CHARSET=utf8mb4;

--
-- Dumping data for table `mectworkplace_ntime`
--

INSERT INTO `mectworkplace_ntime` (`id`, `userid`, `ptime`, `etime`) VALUES
(1, 1, '02/11/20 12:28:29', '02/11/20 12:29:48'),
(2, 2, '0', '0'),
(3, 3, '0', '0'),
(4, 4, '20/12/20 13:04:08', '20/12/20 13:18:35'),
(5, 5, '0', '0'),
(6, 6, '0', '0'),
(7, 7, '0', '0'),
(8, 8, '0', '0'),
(9, 10, '0', '0'),
(10, 11, '0', '0'),
(11, 12, '0', '0'),
(12, 13, '0', '0'),
(13, 14, '0', '0'),
(14, 14, '0', '0'),
(15, 15, '0', '0'),
(16, 16, '0', '0'),
(17, 17, '0', '0'),
(18, 18, '0', '0'),
(19, 19, '0', '0'),
(20, 20, '0', '0'),
(21, 21, '0', '0'),
(22, 22, '0', '0'),
(23, 23, '0', '0'),
(24, 24, '0', '0'),
(25, 25, '0', '0'),
(26, 26, '0', '0'),
(27, 27, '0', '0'),
(28, 28, '0', '0'),
(29, 29, '0', '0'),
(30, 30, '0', '0'),
(31, 31, '0', '0'),
(32, 32, '0', '0'),
(33, 33, '0', '0'),
(34, 34, '0', '0'),
(35, 35, '0', '0'),
(36, 36, '0', '0'),
(37, 37, '0', '0'),
(38, 38, '0', '0'),
(39, 39, '0', '0'),
(40, 40, '0', '0'),
(41, 41, '0', '0'),
(42, 42, '0', '0'),
(43, 43, '0', '0'),
(44, 44, '0', '0'),
(45, 45, '0', '0'),
(46, 46, '0', '0'),
(47, 47, '0', '0'),
(48, 48, '0', '0'),
(49, 49, '0', '0'),
(50, 50, '0', '0'),
(51, 51, '0', '0'),
(52, 52, '0', '0'),
(53, 53, '0', '0'),
(54, 54, '0', '0'),
(55, 55, '0', '0'),
(56, 56, '0', '0'),
(57, 57, '0', '0'),
(58, 58, '20/12/20 14:52:05', '20/12/20 16:34:54'),
(59, 59, '0', '0'),
(60, 60, '0', '0'),
(61, 61, '0', '0'),
(62, 62, '0', '0'),
(63, 63, '0', '0'),
(64, 64, '0', '0'),
(65, 65, '0', '0'),
(66, 66, '0', '0'),
(67, 67, '0', '0'),
(68, 68, '0', '0'),
(69, 69, '0', '0'),
(70, 70, '0', '0'),
(71, 71, '0', '0'),
(72, 72, '0', '0'),
(73, 73, '0', '0'),
(74, 74, '0', '0'),
(75, 75, '0', '0'),
(76, 76, '0', '0'),
(77, 77, '0', '0'),
(78, 78, '0', '0'),
(79, 79, '0', '0'),
(80, 80, '0', '0'),
(81, 81, '0', '0'),
(82, 82, '0', '0'),
(83, 83, '0', '0'),
(84, 84, '0', '0'),
(85, 85, '0', '0'),
(86, 86, '0', '0'),
(100, 87, '0', '0'),
(101, 88, '0', '0'),
(102, 89, '0', '0'),
(103, 90, '0', '0'),
(104, 91, '0', '0'),
(105, 92, '0', '0'),
(106, 94, '0', '0'),
(107, 95, '0', '0'),
(108, 96, '0', '0'),
(109, 97, '0', '0'),
(110, 98, '0', '0'),
(111, 99, '0', '0'),
(112, 100, '0', '0'),
(113, 101, '0', '0'),
(114, 102, '0', '0'),
(115, 103, '0', '0'),
(116, 104, '0', '0'),
(117, 105, '0', '0'),
(118, 106, '0', '0'),
(119, 107, '0', '0'),
(120, 108, '0', '0'),
(121, 109, '0', '0'),
(122, 110, '0', '0'),
(123, 111, '0', '0'),
(124, 112, '0', '0'),
(125, 113, '0', '0'),
(126, 114, '0', '0'),
(127, 115, '0', '0'),
(128, 116, '0', '0'),
(129, 117, '0', '0'),
(130, 118, '0', '0'),
(131, 119, '0', '0'),
(132, 120, '0', '0'),
(133, 121, '0', '0'),
(134, 122, '0', '0'),
(135, 123, '0', '0'),
(136, 124, '0', '0'),
(137, 125, '0', '0'),
(138, 126, '0', '0'),
(139, 127, '0', '0'),
(140, 128, '0', '0'),
(141, 129, '0', '0'),
(142, 130, '0', '0'),
(143, 131, '0', '0'),
(144, 132, '0', '0'),
(145, 133, '0', '0'),
(146, 134, '0', '0'),
(147, 135, '0', '0'),
(148, 136, '0', '0'),
(149, 137, '0', '0'),
(150, 138, '0', '0'),
(151, 139, '0', '0'),
(152, 140, '0', '0'),
(153, 141, '0', '0'),
(154, 142, '0', '0'),
(155, 143, '0', '0'),
(156, 144, '0', '0'),
(157, 145, '0', '0'),
(158, 146, '0', '0'),
(159, 147, '0', '0'),
(160, 148, '0', '0'),
(161, 149, '0', '0'),
(162, 150, '0', '0'),
(163, 151, '0', '0'),
(164, 152, '0', '0'),
(165, 153, '0', '0'),
(166, 154, '0', '0'),
(167, 155, '0', '0'),
(168, 156, '0', '0'),
(169, 157, '0', '0'),
(170, 158, '0', '0'),
(171, 159, '0', '0'),
(172, 160, '0', '0'),
(173, 161, '0', '0'),
(174, 162, '0', '0'),
(175, 163, '0', '0'),
(176, 164, '0', '0'),
(177, 165, '0', '0'),
(178, 166, '0', '0'),
(179, 167, '0', '0'),
(180, 168, '0', '0'),
(181, 169, '0', '0'),
(182, 170, '0', '0'),
(183, 171, '0', '0'),
(184, 172, '0', '0'),
(185, 173, '0', '0'),
(186, 174, '0', '0'),
(187, 175, '0', '0'),
(188, 176, '0', '0'),
(189, 177, '0', '0'),
(190, 178, '0', '0'),
(191, 179, '0', '0'),
(192, 180, '0', '0'),
(193, 181, '0', '0'),
(194, 182, '0', '0'),
(195, 183, '0', '0'),
(196, 184, '0', '0'),
(197, 185, '0', '0'),
(198, 186, '0', '0'),
(199, 187, '0', '0'),
(200, 188, '0', '0'),
(201, 189, '0', '0'),
(202, 190, '0', '0'),
(203, 191, '0', '0'),
(204, 192, '0', '0'),
(205, 193, '0', '0'),
(206, 194, '0', '0'),
(207, 195, '0', '0'),
(208, 196, '0', '0'),
(209, 197, '0', '0'),
(210, 198, '0', '0'),
(211, 199, '0', '0'),
(212, 200, '0', '0'),
(213, 201, '0', '0'),
(214, 202, '0', '0');

-- --------------------------------------------------------

--
-- Table structure for table `mectworkplace_posts`
--

CREATE TABLE `mectworkplace_posts` (
  `postid` int(11) NOT NULL,
  `userid` int(11) DEFAULT NULL,
  `groupid` int(11) NOT NULL,
  `postdata` varchar(500) DEFAULT NULL,
  `imgdata` varchar(100) DEFAULT NULL,
  `posttime` varchar(35) DEFAULT NULL,
  `likecount` int(11) NOT NULL
) ENGINE=InnoDB DEFAULT CHARSET=utf8mb4;

-- --------------------------------------------------------

--
-- Table structure for table `mectworkplace_privatepost`
--

CREATE TABLE `mectworkplace_privatepost` (
  `id` int(11) NOT NULL,
  `userid` int(11) NOT NULL,
  `postid` int(11) NOT NULL
) ENGINE=InnoDB DEFAULT CHARSET=utf8mb4;

-- --------------------------------------------------------

--
-- Table structure for table `mectworkplace_privatereply`
--

CREATE TABLE `mectworkplace_privatereply` (
  `id` int(11) NOT NULL,
  `idfrom` int(11) NOT NULL,
  `idto` int(11) NOT NULL,
  `replydata` varchar(200) NOT NULL,
  `replytime` varchar(35) DEFAULT NULL,
  `postid` int(11) NOT NULL
) ENGINE=InnoDB DEFAULT CHARSET=utf8mb4;

-- --------------------------------------------------------

--
-- Table structure for table `mectworkplace_td`
--

CREATE TABLE `mectworkplace_td` (
  `id` int(11) NOT NULL,
  `staff` int(11) NOT NULL,
  `student` int(11) NOT NULL,
  `addflag` int(11) NOT NULL
) ENGINE=InnoDB DEFAULT CHARSET=utf8mb4;

-- --------------------------------------------------------

--
-- Table structure for table `mectworkplace_userid`
--

CREATE TABLE `mectworkplace_userid` (
  `userid` int(11) NOT NULL,
  `email` varchar(50) NOT NULL,
  `password` varchar(256) NOT NULL
) ENGINE=InnoDB DEFAULT CHARSET=utf8mb4;

--
-- Dumping data for table `mectworkplace_userid`
--

INSERT INTO `mectworkplace_userid` (`userid`, `email`, `password`) VALUES
(1, 'pnatharaja@tce.edu', '$pbkdf2-sha256$29000$HgPAeG/tvTcmZMxZS0kJwQ$lY48vGa2Ak9gg9g1OWOp70gPRCDNHwvTxG.lciQO4EM'),
(2, 'gkgmech@tce.edu', '$pbkdf2-sha256$29000$Oaf0fo/x3ptzDkEIoXSO8Q$uV4aPl3admK.F9UDcQSfXAWY7ONT228sy5npkyniSTE'),
(3, 'gkmech@tce.edu', '$pbkdf2-sha256$29000$QChFSMnZ.7.3tpaScs455w$Zgc8v48/uvouwXA8OhikoigoBnc2.MzP2m8L5697EVg'),
(4, 'sjf@tce.edu', '$pbkdf2-sha256$29000$upeyNsaYEwLAGONcqxWidA$VWtbcwjWmBwJS7XA3A5cuf3pUjXg9zBqCwWkUBHaBHk'),
(5, 'parthasarathi_s@tce.edu', '$pbkdf2-sha256$29000$bG0t5RyjVEpJibG21tr7nw$fYmr1XSRhmgUjtjXciuTxsZya3TGsq85bszGGXy26ok'),
(6, 'rameshh@tce.edu', '$pbkdf2-sha256$29000$grC2lvLemzMmhPDeG2PsPQ$PWnHVlifDT8Fqpln3bD4gvUEDYvmRN/xfykwNTDDudU'),
(7, 'ganeshma2015@tce.edu', '$pbkdf2-sha256$29000$dS5F6N07h/CeEyIEAACAcA$IlYJ0Hyhn4h5RdIchrZ0CojoKOefD161AmUIDstWx90'),
(8, 'sarsmech@tce.edu', '$pbkdf2-sha256$29000$WWsNgZASYoyRMsbY23uPsQ$YvJ8z5jyfWftdL3P4wMHcANUhBdhOnRpj53sEOKULHk'),
(10, 'bpkmech@tce.edu', '$pbkdf2-sha256$29000$11qrVYpRCoGQcu5dS.n93w$s.mUnyCTiDXMvzKySEGCPXOMdLM/zCy7ifFOiinAUHs'),
(11, 'mmdmech@tce.edu', '$pbkdf2-sha256$29000$aM0ZI.S8F2KMESKEUCpFyA$ms5EmrPYnXcIJK1K.2CmFuczvituo9aKDHBBoC/XUrY'),
(12, 'smmect@tce.edu', '$pbkdf2-sha256$29000$CqFUKuV8TwkBgPC.NwYgRA$YGnDKtAqwcRD7lmD6KvoAbGNPq4O97wRI52OK4suL/c'),
(13, 'aaruthraa@student.tce.edu', '$pbkdf2-sha256$29000$5Nwbg7B2LsVYq5UyJgTgHA$acp9bEI9RV5TQBEp2U/1C.yDb5H0Cy/Cv3j6UnnKB5Y'),
(14, 'aishwaryass@student.tce.edu', '$pbkdf2-sha256$29000$Tcm5VyplDMHY.1/rPSdk7A$jKJzYwP0yACwpQFknkZCiILjGbwkioBmh5I3NqRPu1I'),
(15, 'ananth@student.tce.edu', '$pbkdf2-sha256$29000$ec.ZE8J4jxGitPY.5xxDqA$/ibRak9jzPjMwSyXk3PLWEn1B/m2AATcDuw4jNSiwi4'),
(16, 'annamalaig@student.tce.edu', '$pbkdf2-sha256$29000$9l7r/f.fs9a6997b27sXgg$bDOzrU7AAm/eCDPGuZ7X6jSqlVVwV7i7q.0gINC8kyc'),
(17, 'arjun@student.tce.edu', '$pbkdf2-sha256$29000$z1lrTcm5V0qJcQ4hRCilNA$Zz/ppO7Uyv5AxKy5l7wDxCiYHa2XZvDFejv.8EMNlPU'),
(18, 'aswinsudarsan@student.tce.edu', '$pbkdf2-sha256$29000$GwNgDCHE2FsLgfAeY4zxHg$KWzdQhooZxluYyJc4ImLrfO.GiT2bRrxVJt59Isdzuw'),
(19, 'balajib@student.tce.edu', '$pbkdf2-sha256$29000$FWKMcQ6hNAbAmLOW8l7L.Q$II8Q.ary2mNoDHjc7a4dqR7G2NxdRkuVKQIuuo2VuRg'),
(20, 'bharathbalaji@student.tce.edu', '$pbkdf2-sha256$29000$aK31Xksp5VyLsZZy7h0D4A$uOJSo6SMjOXeJCowDS1e5FTlhh6LDjjhljaZbGAu3w8'),
(21, 'bhaven@student.tce.edu', '$pbkdf2-sha256$29000$ivF.b805R2itVco5x3iPUQ$a3hgbW9n6BagonioVL5KgAffF0QYO/RonL1AaaUTxDA'),
(22, 'bujitha@student.tce.edu', '$pbkdf2-sha256$29000$GqN0Tqk1JqR0jvF.L4UQog$UyB.qXiw1a9P88/3bkGOl0HpJ/ddOfYRz2zrC9IMFic'),
(23, 'deepauk@student.tce.edu', '$pbkdf2-sha256$29000$BkBIqfX.H.N8r3WuFeKcEw$3RAWnh4n3ryFrYX2QPNzUfENMuNtQUndpDaAMcpggKk'),
(24, 'derin@student.tce.edu', '$pbkdf2-sha256$29000$B.A8JySEEML437t3zrkXAg$bbzLsmm59BrdLy9Yfydn.KlVyhoWzyL9TtBn8NsQnVE'),
(25, 'dineshkumarel@student.tce.edu', '$pbkdf2-sha256$29000$ZswZ47y3tlbKOYcwJsRYaw$.gsEgjqM0vWgWhGfwqJw07qRXyD5APo5NGr915oZUPo'),
(26, 'elanchezhian@student.tce.edu', '$pbkdf2-sha256$29000$rRUCYKzVmvPeGyNkrDWmFA$pLR2d7xIY7Y8acuyEVGoBMviZ5Y4QT8KSADnDxoXXSw'),
(27, 'gomathisankar@student.tce.edu', '$pbkdf2-sha256$29000$CGFsrZXyPqc0pjQmREhpTQ$mB4rhHaJNaMRcuSCoKBJ.jwfhheQ9DBh3kYciMt9ooA'),
(28, 'gopinathm@student.tce.edu', '$pbkdf2-sha256$29000$6V2LMYYwhnDO.d87ByCk1A$DHtTKRtoWLTMO91RUQ1Pm1yhSgYrhEjnNV8FMzr0.vo'),
(29, 'gowthams@student.tce.edu', '$pbkdf2-sha256$29000$WqsVQsg5RwhB6D2H0FprzQ$rmUm2nj5sQzF1X0yvYkO1AKBPsHQsUVrIP6xyJEhCSU'),
(30, 'hariharanal@student.tce.edu', '$pbkdf2-sha256$29000$tbaW8l7LeY/R.r937p2Tcg$4gbojSMtFab7FKVfVvil2ho475uBgdtS2NlOXLOBBTA'),
(31, 'harikeswaran@student.tce.edu', '$pbkdf2-sha256$29000$aM35f4/RWmutdW4NQWjN.Q$41dsXvs7M8obXCT1kqc1GHttXyaFLVUW7MJBtncVdSQ'),
(32, 'harimuthuchandran@student.tce.edu', '$pbkdf2-sha256$29000$DOF8DyFEqNXa.x.jFOL8Pw$c7plfyG7wgnUKpcPL1IpT.Emjj2crMqAIoXykdKyWBc'),
(33, 'harishvasanth@student.tce.edu', '$pbkdf2-sha256$29000$N8Y4x1hr7b23ltKaM.bc.w$N5pNpAzlDplCGnibjmaGo5Ce1ZS7n9JHsS2Bm6la8.M'),
(34, 'hemachandran@student.tce.edu', '$pbkdf2-sha256$29000$I8TYWytFKOV87x3jnPP./w$N3CHaGESU0Tf61.orLOs.pHGsOSHBwnwIUSN0YjLz28'),
(35, 'jayaseelan@student.tce.edu', '$pbkdf2-sha256$29000$u7fWmnNOaa3VWuv9/9.7lw$Jh7dKtAh3iNGMbFa.1HqpUmVbkglWzqFLsmk8eharDc'),
(36, 'jeyasakthi@student.tce.edu', '$pbkdf2-sha256$29000$iTHmPGcM4ZzznjOmFALA.A$IsdqHit4RETmypwkOfXVBzF68GV2KQa9Ruoqdh.sw4k'),
(37, 'kaushick@student.tce.edu', '$pbkdf2-sha256$29000$JgRAKKU0BmCM0dpbK.Xcmw$N/vin8/OELISZr.XtKaUWgpZTsVi7LGmX5v1DWhlH0E'),
(38, 'logeshv@student.tce.edu', '$pbkdf2-sha256$29000$mvOe0/p/7x2jNCbEWIsxpg$JCBF7yoUnpZyaJlJ0ONICBq/hJmjbH9DM/ZR/ru7IYU'),
(39, 'manojukumar@student.tce.edu', '$pbkdf2-sha256$29000$JyTE2HuvNUZISQmB8J4Twg$CbtUZ/REJY7ZgZz9vKvQb/oQCQQTRfH1uR1FfefuNVY'),
(40, 'mohammedfiazudeen@student.tce.edu', '$pbkdf2-sha256$29000$DeHcO6c0xjgHoLQWIiSk1A$yr2cKMXAmDt8NcY/2XTYZoCB2OUGeCoWdfNwFF3TmZs'),
(41, 'navaneetha@student.tce.edu', '$pbkdf2-sha256$29000$uldqDaF0znnPOQcAQIjxXg$n4amQynZVmIyP3iNkzprPdlYWyzIDGAP1jLO/ELP2Gg'),
(42, 'navaneethan@student.tce.edu', '$pbkdf2-sha256$29000$r7VWijGmFCLknFMKoZRyLg$ttju8Y.5Wi7JOUsxBqyCnDEiIW16TN/OTYD5SDNr9rY'),
(43, 'naveenk@student.tce.edu', '$pbkdf2-sha256$29000$cM7Zu9daixGCUKo15tz7Xw$quNk6Qn1XcuC3YT7jc.udCnruwK4ZHFhvVslZd5UW.E'),
(44, 'naveenprasath@student.tce.edu', '$pbkdf2-sha256$29000$UwrB.P9/j3Eu5bxXas2ZMw$2LLPbkS/GuCoa2p6yIzN1zz5Y5R6oWexMvIVE2FcqVc'),
(45, 'nikhilesh@student.tce.edu', '$pbkdf2-sha256$29000$DGEMIWQsZYxxbk2Jca4VQg$F43P5Mcf3jCWjRuOcE27iVHvA6aQgr89P8MCz6aqZtc'),
(46, 'niranjanraaj@student.tce.edu', '$pbkdf2-sha256$29000$fQ9hrNX6HyMEgBDC.L.3Vg$fvvW8mRNrwcbRLTH0JqGRWJ6zjS.FbEn4H8oUttb17U'),
(47, 'nisanth@student.tce.edu', '$pbkdf2-sha256$29000$Tmnt3VurVeq9V8p5b42R0g$ePILBVsAr7eyrHakxGP.wGLTFKGlie41mjzdaXXv83c'),
(48, 'nivas@student.tce.edu', '$pbkdf2-sha256$29000$3/u/916r1VoLwdg7Z8w5Jw$2ZDu2EM.twF4SlpwiQqX1o.GiIcjutL9U7SJXtZedxE'),
(49, 'omprakash@student.tce.edu', '$pbkdf2-sha256$29000$LwUAwNi7N.Zca6117r137g$Arb/Abdm/K4eU8yILyWtEwXOpkeugePeoNWNnIFAP5c'),
(50, 'potheeraj@student.tce.edu', '$pbkdf2-sha256$29000$GkNorXUO4ZzT2pvTOieEsA$gmBTYsPocAIcDbBZi8vwjfnYYWnqYo56oOaTepkovUc'),
(51, 'prabhakarank@student.tce.edu', '$pbkdf2-sha256$29000$pnRujTFGiLE2JgTAuJeSEg$fgQ8DxHhuORf946J9aWgIetP9lRB9GVSb0JRPOztlMA'),
(52, 'pradeepc@student.tce.edu', '$pbkdf2-sha256$29000$1bq31nrv3ft/T0mpNUZI6Q$3n346jLo5Qo.87RttJQwsIM6ZroWZuNrisrFGM5RExs'),
(53, 'prasanthv@student.tce.edu', '$pbkdf2-sha256$29000$EgIAwHgvBWCMca4VImRMqQ$Dcj9KTsRTmpEPX7.g5hWqlKTpLH5GaCWVx5dxIKjSRg'),
(54, 'pravinraj@student.tce.edu', '$pbkdf2-sha256$29000$bu39X0uJEYKw1pqT8n5PSQ$CFctt1I1kzVlga/SFYWby.Xdlcs2mDGIKeHfFieZ3/M'),
(55, 'ragulk@student.tce.edu', '$pbkdf2-sha256$29000$Oee8lxLiPAeA0Dqn9P5faw$kgJ1EsjP0KTLLRLaTkJc9m/VtLFC8YQQ/iIhiW6YWgE'),
(56, 'rajadurai@student.tce.edu', '$pbkdf2-sha256$29000$zPlfi/G.FyKk1JqTEkKotQ$m/abHpYC4siUfO3ofGA/FdtZxm1B0yANYgxlYLJHDq8'),
(57, 'rajasheeba@student.tce.edu', '$pbkdf2-sha256$29000$QcgZY4zxfs/Z.3/PmRNCSA$wq163EQlOZymDb.8UOqm9oYkOQ2Sx9gC0W3hHPtYYyk'),
(58, 'ramsankar@student.tce.edu', '$pbkdf2-sha256$29000$dA7h3JszBiAkxBgDAECIEQ$cZexsijqy0hN2rYz.d/nzzQPNt0./L7SUfsXHy7RcSo'),
(59, 'reshmakk@student.tce.edu', '$pbkdf2-sha256$29000$s/a.15oT4nzP.f/fm3NOCQ$Qpqi3DGDpYkbj90BkbRz2VNIN3pTzoF54RGzGxZhl.M'),
(60, 'rishikesh@student.tce.edu', '$pbkdf2-sha256$29000$sbb2PofQWgshpFTqXSsFgA$YoPAafmju9dYJCikpQPpYXd05xQNId4.QXkCCMds.Ho'),
(61, 'sankarnarayanan@student.tce.edu', '$pbkdf2-sha256$29000$DuE8p5RyTknJOceYEyLknA$tTUyyVhDgs1SoZq7N3d0hg3j7RQs2DSfuwaLMpUHDpk'),
(62, 'sarathram@student.tce.edu', '$pbkdf2-sha256$29000$BoCwtlYKwfhfq1XqvZdyDg$nDlhSFM5HRe/LX8hUKCft3FviIrAv5NFVSBFgfJwaHs'),
(63, 'satheeshkumar@student.tce.edu', '$pbkdf2-sha256$29000$BcA4ByDEOGfMGeM8h1CqNQ$1PCKbFKk1ywee4iPKZm22C/7LWaV54vhdRr3NGMc6oc'),
(64, 'sathyanarayana@student.tce.edu', '$pbkdf2-sha256$29000$q7XWWgvhHMP4/18rZSzlXA$rugqkPOkgcMXRScOzfTdyi4LMyGHfqbU9RGtp.dFpGk'),
(65, 'shivani@student.tce.edu', '$pbkdf2-sha256$29000$FyKEEKIUIoRQKmXsPce4Nw$WFFW1.lBPUCubZYa7CVGkB2hFdFJvq73X2qAlaNfW8w'),
(66, 'sriganesh@student.tce.edu', '$pbkdf2-sha256$29000$XqsVolQqJYTQWgthrJVSig$k3gsdreczbSZ68rgTnj7.ih02sqTaMnD3BoA2gdyko4'),
(67, 'srikaanth@student.tce.edu', '$pbkdf2-sha256$29000$2/t/r3XuXatV6p3zPmeMUQ$uRyln1OVxqjhEm8hllsw0F/fsc6ooKAa3lg5w2aNmVs'),
(68, 'subbiah@student.tce.edu', '$pbkdf2-sha256$29000$HCMEAOB8L6WU8h4D4ByDkA$R2o0X8eIdQyL78B4elHToHGyLAk4Z3dIACU7eRbbTuQ'),
(69, 'swathilakshmi@student.tce.edu', '$pbkdf2-sha256$29000$4xzDGIPQeu.dc05pTYmx1g$6cEIVscnNNUcFvj8m1l.ykL1eOay2kmWeVggRay2LoM'),
(70, 'thilagar@student.tce.edu', '$pbkdf2-sha256$29000$CyHEOOd8j5GytnaOUWqNEQ$wdgSh0tdpNuJ.5TQ/JPDksXh18Hsbo808BNmp1MQvD8'),
(71, 'udhayan@student.tce.edu', '$pbkdf2-sha256$29000$5nyP0dp7jxFijHHOGQPgHA$WOt3TwkeFAUVz39IBJAFKTc5cIHnkxuE4esk9bMsXqs'),
(72, 'vickram@student.tce.edu', '$pbkdf2-sha256$29000$9r631vq/V8pZC2FsbY3Reg$hMagA84e12SwXl3IGCYj2oOOEBuNFIGtaIHsyTT1Dus'),
(73, 'vishalrb@student.tce.edu', '$pbkdf2-sha256$29000$g5ByjrH23tubsxai9N5bqw$Yc2TCLtyqnQyhogRsxc70WCcwRVgJ.iSn90CcMUgU6k'),
(74, 'vishnuvijay@student.tce.edu', '$pbkdf2-sha256$29000$6t17j/Gec.6dk/K.974X4g$ZYQi7dnlDXCu71lFNJBRHEbHXq9wHB6x8QnpWlBqoHE'),
(75, 'vishnukumarar@student.tce.edu', '$pbkdf2-sha256$29000$oXSOsdYaQwghZIwRYkzJmQ$.WFZd3bCH9NwpzxUiuC/qqV4uBVAHANt0.ZcDn6FH3M'),
(76, 'vishwa@student.tce.edu', '$pbkdf2-sha256$29000$gbA2hrAWwti79x6D0HrPOQ$G.wYRhlsdAK7ofaGKRnBMnANDrr3bqtiEayydbopnOk'),
(77, 'yogaprakash@student.tce.edu', '$pbkdf2-sha256$29000$qpVyztnbW2sNIQSA8P7fOw$NyROMjjDEDiEviC/7nD/DLMvo2HTysBH33XlnaQh304'),
(78, 'aathiith@student.tce.edu', '$pbkdf2-sha256$29000$HYOQMgbgvBcCIMTY29tbaw$Se7or0vrRDrTFj/FFicEBCzb7jyv1oU/UDvYf8EiKSM'),
(79, 'anbarasan@student.tce.edu', '$pbkdf2-sha256$29000$AkBorZUyhnAOwZgTYsw55w$5kmO0B6R5XThsNATuGP51sDyHigDpt/lAdVhUxNhSiE'),
(80, 'anishdevan@student.tce.edu', '$pbkdf2-sha256$29000$uLcWQmhtjTFmjBFC6F2LcQ$dpRgyEtGM8VRiq/fPM0hwQxYdK8XxA9rV.dFz.qy/ws'),
(81, 'anjanats@student.tce.edu', '$pbkdf2-sha256$29000$AeAcg3BOKQVAiJFSao3x3g$mrrHmHNBzioTFEVpBed4KYOjme3l0PWq46LjebdqkUM'),
(82, 'annamalairm@student.tce.edu', '$pbkdf2-sha256$29000$RmgthbD2nlNKSSmldI5xzg$JWH1X3J/IxHAGyP3RIzpYenNtfC53EJr2GVLQdiDpC4'),
(83, 'mbalaji@student.tce.edu', '$pbkdf2-sha256$29000$XGtNidG6N8Y4x/h/D6EUIg$Y8wlbsRrWx/f3B3K2zU.aRQBWxyO8AhrGRdAKk2AF1A'),
(84, 'bharatheeswaran@student.tce.edu', '$pbkdf2-sha256$29000$lhKC8B4DwHhPqTXG2LsXQg$j0tNl9sMyqGrHRx14aDuWP85efJ/arqWyKgrzKCG4mU'),
(85, 'bhavhadharani@student.tce.edu', '$pbkdf2-sha256$29000$5vx/D8GY896bUyrlHIPQOg$DRnpCgSCBO61.jPX2eSEvgBp56CgrYCOkxAfHsVhuFU'),
(86, 'borris@student.tce.edu', '$pbkdf2-sha256$29000$YOz9XwsBwDjnfM.ZE2LM2Q$7pmrNA/J3yVsAxZRh46ZGuoh3nohdYeLbH1W4TykqPU'),
(87, 'buvana@student.tce.edu', '$pbkdf2-sha256$29000$ihHi/B9jrPW.13pvTUmp1Q$7cIKuwXbCF7BERO1Mhtx59Yl.OetUrl20sK7tShGzW4'),
(88, 'buvanesvar@student.tce.edu', '$pbkdf2-sha256$29000$pXSOkXIOASAkxLi3Nkbo/Q$ZIE7wZDiudi/BI56iCwhw11lYSrINJLZehefgnualnU'),
(89, 'chellaramu@student.tce.edu', '$pbkdf2-sha256$29000$MsZ4z1lrzVlLKaXU.h/j/A$37Ols7xO.IFe4oyXCEagkszEVtJGAqSdOYZhjKLw1O4'),
(90, 'devakumar@student.tce.edu', '$pbkdf2-sha256$29000$YwyB0DqHsJaSklIKYYwRog$wpHQzl33OTzKAogdYzMr.mIuvL30j0g6kXhzB4DlXX8'),
(91, 'dhana@student.tce.edu', '$pbkdf2-sha256$29000$FOJ8L8UYgxBijPE.B8D4vw$7880vseSIvOlQpcCQkzaBviN0gBJu3bqhY4hkzRpXEA'),
(92, 'dharun@student.tce.edu', '$pbkdf2-sha256$29000$ydlbq5USIkTIGWOMUWqt9Q$hU4lzV4cWQIsQL2PCJsUhDa0CH4PGEXO8Im4lI7a/ug'),
(94, 'fazithahamed@student.tce.edu', '$pbkdf2-sha256$29000$YOyd8x7DuHcu5ZxTCiEEgA$aF.VGdvp3h4wcXj5RT.9tEqu/Ebd3Rb/bZIEM2OMmQA'),
(95, 'gayathrisk@student.tce.edu', '$pbkdf2-sha256$29000$K8U457w3htAaQyhl7H1vDQ$ze1Wf2PZ7UyelSW1Qoux86foCY0ENvyYUhpjItGHcMk'),
(96, 'harenee@student.tce.edu', '$pbkdf2-sha256$29000$tvb.X.vdG.P8/18rZSyFcA$nDyf1SFiMZJ8CA6dwt.gSNTAr4P1BW6IJrr65qb2ifk'),
(97, 'hariharapriyan@student.tce.edu', '$pbkdf2-sha256$29000$LgWAUEop5ZyzlrKWUkrpvQ$fWcO0PgJ/9MkerDMhE43MlVG7yu6Ch3sxtjytsCm14A'),
(98, 'akarthick@student.tce.edu', '$pbkdf2-sha256$29000$/B8jpPS.d07pXasVIqT0/g$sWd/GdxeW08ogK91iCfnzk8AphWgoYydnYM5tc9gmtc'),
(99, 'rkiruthika@student.tce.edu', '$pbkdf2-sha256$29000$J2QMgfB.z7m31lorhXAuZQ$8j26CtlnVTxtoUBwGH9tmFRmNWjklpFl9MIt4qqIY5I'),
(100, 'kishorel@student.tce.edu', '$pbkdf2-sha256$29000$ESIkJIRQSqm1VkpJiZFS6g$gjhK0OpaQls3gMRTuIkpvqD2udjxGryPdmhLLxCY7ZM'),
(101, 'madhubalad@student.tce.edu', '$pbkdf2-sha256$29000$ltL6f4/Runfu3dt7T0mJsQ$IjmmEJ8FQcHmmtfLiLpUqqozi6T48eUrb8ix8gNRZ/Y'),
(102, 'madhumithai@student.tce.edu', '$pbkdf2-sha256$29000$9l7LOcf4P8cYYywFQIgx5g$GiSA46zRSoZBbx.NM6fKiKyqJUqO9xS7IC.HFusfhws'),
(103, 'manojkumarmuthukrishnan@student.tce.edu', '$pbkdf2-sha256$29000$IeRc631vba3V2ltLKaX0fg$0unNI/CzsiwlSo33Ov8m7mFjTql2x5/W.iM2HUUWqck'),
(104, 'mohanram@student.tce.edu', '$pbkdf2-sha256$29000$ECJkbK31Pud8T2nN2VvLOQ$pRRGok.wdzt45ENcb.Aht2TkLAhRkpIwVAcroAbp4tw'),
(105, 'muralemanohar@student.tce.edu', '$pbkdf2-sha256$29000$AGCsdQ6B0PqfUwrBOKe0Ng$1bcQeGiXs.Rt8F/Dai1E/XjM8PJcOB.PKAHNyq/ve/s'),
(106, 'gnavinkumar@student.tce.edu', '$pbkdf2-sha256$29000$h9Aao7SWsrb2vleKsXZOiQ$mf3uVPkmS4azgSf.BnNjWdmcPEB.tKkcNjrbhohE/yk'),
(107, 'palanikumars@student.tce.edu', '$pbkdf2-sha256$29000$dm6t9V7L2VtrDYEQgtB67w$Jqq6CYih.ffvNuzcp1Rh.6CZnKEUKVyUBVph0zloiDY'),
(108, 'pranave@student.tce.edu', '$pbkdf2-sha256$29000$eI8RQgihFCLEmHNO6T2nVA$9XCUeNDZebM6Xuvrjn/pfNbe2yrh6gPl.s7vxFKzVa0'),
(109, 'prasanthj@student.tce.edu', '$pbkdf2-sha256$29000$yvk/pxRi7H3vvZcyRkjJWQ$Bkd95zGepAgkcFxk./y7bboAuDIQT4g.najnKecDgc4'),
(110, 'prathaban@student.tce.edu', '$pbkdf2-sha256$29000$jlFqDSHkvLc2prR2rhVirA$Nd3C8aaZ.0icyxFRGmJYDyTNxUPmGe7YebgKbVPLYk0'),
(111, 'praveenrajk@student.tce.edu', '$pbkdf2-sha256$29000$XsvZ.58zpnQOQYhx7v2fMw$Fx3FJPxsUKgYJG.kl3Ha2f849QWWo/FS2iP1Caay3/E'),
(112, 'preethammeenaakshi@student.tce.edu', '$pbkdf2-sha256$29000$h5By7j1njFFKyfnfO0fo/Q$qaL/aMUb2vgo42jlXMHP/D4Jlyi7a2UXBXwC1YXuAMk'),
(113, 'preethisp@student.tce.edu', '$pbkdf2-sha256$29000$Tuk9h/Bei5FSijHGGMP4/w$lHZKItb0koRNSQCFrNoN88KnjM49IX4rXo1cvOXy.xc'),
(114, 'radha@student.tce.edu', '$pbkdf2-sha256$29000$Uso5h5CyllKq9d5ba01pjQ$rLEEyf2RwK3MIwnYeTCaX5NXsjeBPoAoRimjLcw4vqQ'),
(115, 'rajasridhar@student.tce.edu', '$pbkdf2-sha256$29000$jpEypjSGUEpJCYFQSolR6g$NiO0hhTQc3vMQFf97JIhQ9ExFYPKQYROKK0PySNZ9vo'),
(116, 'rakeshkumar@student.tce.edu', '$pbkdf2-sha256$29000$7Z0z5jyH8L5XirG2thaCsA$OV4.smCiYdKTvOLCPMYe40pvXqKq9mga1s3RnzoR5BQ'),
(117, 'roobini@student.tce.edu', '$pbkdf2-sha256$29000$tVaqtfaeE4KQkvKec07pnQ$DCY1Xkxm9/qWndhr0.d0LEeRIJQkF2KD4Qilgouo1RU'),
(118, 'santhiyadevi@student.tce.edu', '$pbkdf2-sha256$29000$vtdaC4GwVgqB8F5r7d177w$GRnW/z8gnVTCjV1X97vE1dgdAS51ozwJQDbjrlfpr7A'),
(119, 'saravanamurthi@student.tce.edu', '$pbkdf2-sha256$29000$Pqd0DqG0VspZi5FSSknJOQ$dZKoF5GjySi2izVbGeFRF4LIFULP/Rc8V3hteMYWNSY'),
(120, 'selvaraj@student.tce.edu', '$pbkdf2-sha256$29000$NuZci/GeU8pZq5VSKmXM.Q$G4Vj4EltGtTCVLsIO81/QkhWXcD40OLj/YWqzTPs/kk'),
(121, 'senthilkumars@student.tce.edu', '$pbkdf2-sha256$29000$zHmvlVIKgTBGqFXqvff.Pw$bbTBZAv41I9PNB39Nyna4i6/VNzAd.RXxEgCarD14mk'),
(122, 'shajith@student.tce.edu', '$pbkdf2-sha256$29000$HGMshbBWCkGIsRYiZKy11g$EM8H1Anx/vQQej3/qVVWP.ugJm3lj9cSo3EAssZ7FWY'),
(123, 'shamitha@student.tce.edu', '$pbkdf2-sha256$29000$mlPq3Vtr7Z3TOsdYC4GQMg$uPD.Zh5jFK.KdN6nwGe3bYUvH7wj1o3oT9m1UicZcaM'),
(124, 'shanmugam@student.tce.edu', '$pbkdf2-sha256$29000$/n8PodT6X6t1bu0dA4Awxg$NU9OL0vTtZe81fw/sRTmRsJbY1B8szB/abrYo2HKZqc'),
(125, 'shathyashri@student.tce.edu', '$pbkdf2-sha256$29000$i/Hee..9V6o1htD6vzemtA$25ZaNkJg7apiZUSmtxJMbm5nDDmgcHSDbAhVv7711EQ'),
(126, 'shrirams@student.tce.edu', '$pbkdf2-sha256$29000$gvB.TynFWCtlrNW69x6jtA$HFQUxnsuxN7xX4SYIeNSpKj2SMCbsUT/sGqNrjWMi0Y'),
(127, 'sibiganesh@student.tce.edu', '$pbkdf2-sha256$29000$cY6R0lqLUUrJ2fsf45yT0g$lkYbCON2JhTuiG8EIReEoY8B53P.w0MnXlfBeivsKsE'),
(128, 'ksivaranjani@student.tce.edu', '$pbkdf2-sha256$29000$HcO4l7J2zpnz/r9XirHWug$l2q8jVzLWnk3g5KQKNVcC6WGmWV.nSFEm83iP.QuPkM'),
(129, 'sridharj@student.tce.edu', '$pbkdf2-sha256$29000$jJHyXusdY4yxFsL435uTEg$tZTYxT8rHLLFYEvd6tYqrMwtx5i2vSfpWB1T4BCRO4Y'),
(130, 'thamil@student.tce.edu', '$pbkdf2-sha256$29000$GcMY43zvXQvB.J.zFoLQug$qCnkOLp./qIsT5QWXuz.Aq4i57iN.8fxRLgi0QEBpBQ'),
(131, 'vasanths@student.tce.edu', '$pbkdf2-sha256$29000$w/gfQwjhfG8NAUAoZQxhTA$JF6SaxDxSKNngQ0.LeM/WD23jY8.I3oPdpGs1VTKnj0'),
(132, 'vibbin@student.tce.edu', '$pbkdf2-sha256$29000$////XwuBkFLKmROCMKZU6g$d7iseRsSOokilO3qxHe6KkGCVDQ.HN8uCAj9rBDN2T4'),
(133, 'vigneshkumarr@student.tce.edu', '$pbkdf2-sha256$29000$CaFU6p0TwlgrxbjX.v9/Tw$.mi2FedOp116GTNohYvxP79mbbOr4cC9N3NZK2qYKyU'),
(134, 'vishaal@student.tce.edu', '$pbkdf2-sha256$29000$qnVO6b0XYgyBkNLaW6v1Pg$MNSUWMJxYFnt6vFDLrhDQStowujx4I1LAIzjC.HeHCc'),
(135, 'vishunukarthickm@student.tce.edu', '$pbkdf2-sha256$29000$6H1PCaG0dk7pXctZC4HQ.g$j.5URH1OL.M0Y/0RhQa1uXgsRk2JVxnbuI1.tRMi0is'),
(136, 'vishnupriyakj@student.tce.edu', '$pbkdf2-sha256$29000$oFQKYSzlnPMeY6w1hrB2Tg$KtYN/0EG5WFxWWcDpBy3/TI.SaDLF5cH40ksY0t01Mg'),
(137, 'vishnuraj@student.tce.edu', '$pbkdf2-sha256$29000$wlhLqRUCYMxZC.GcE6I05g$c.RFa0cC2e2D4EGIeUKNAJZGzUO15SERocd2YkhcXBM'),
(138, 'vishwanath@student.tce.edu', '$pbkdf2-sha256$29000$1zrHuDcGwDhnLGWs9d6bkw$GKgtm9aDo0JcaHUmpNkn0LqREaSl/n8RDI2c7qn6bu8'),
(139, 'aanchan@student.tce.edu', '$pbkdf2-sha256$29000$ImRMqXVOqVWqldKacw5BqA$yMcIdedtswyGpqzny4LbJ0NhpQ8lfzhURGMh2G.DK3E'),
(140, 'abishekdk@student.tce.edu', '$pbkdf2-sha256$29000$49y7l1JKqXVOyTmnlDKGkA$AYBk3kJuKxgc5nMlos4Rb2orK/6cdhOF3rpKo0pVsCQ'),
(141, 'abitha@student.tce.edu', '$pbkdf2-sha256$29000$vRcCoJRyTimFsBbiXEtJCQ$NI0yEBuGn0.au9i6w1kbnmSkESD.nY/533HJo1Uf9/s'),
(142, 'annamalai@student.tce.edu', '$pbkdf2-sha256$29000$7f2fs1bKGSOEsHYupTQmBA$9IT/2jiDr1L/gqqkjKYUfSNtJSt/7ijR8WM6KMWtGbM'),
(143, 'anubharathy@student.tce.edu', '$pbkdf2-sha256$29000$ds6Zs3aOMQag9H5PqfX.3w$zrxBkKBveZh/LRp5/cHQMyUwzW94/NRKWptOA839a9Q'),
(144, 'ashok@student.tce.edu', '$pbkdf2-sha256$29000$cI4xplQKYWwtxVgrhfCesw$lSQbeMyyCKPFVDaRD7it7v4PPeZ6Ba9pVgVT9s01eyA'),
(145, 'azithkumar@student.tce.edu', '$pbkdf2-sha256$29000$WovR2vvf2zvHuBcixPgfgw$x3.Fqz9iRrmr5Hcs8zPioDgNssZwPTubDw5sADNqUmI'),
(146, 'balasaravanan@student.tce.edu', '$pbkdf2-sha256$29000$9B5DyNm7V6oVAsD4H8NY6w$Wta6Vwu/SOwFDkOoOMso7JZIS.1zJzhbe/FQ9LTLF2k'),
(147, 'balajikrishna@student.tce.edu', '$pbkdf2-sha256$29000$es/5v7cWQihlTCklROhdaw$X6N2IEHcdmZoExXJL5jqkQySUd./tJjXSj3HEhZhomQ'),
(148, 'baraths@student.tce.edu', '$pbkdf2-sha256$29000$0zpn7F2rdS4FwPg/RyhFyA$IWxhhLeHgTwYp3NQoR.cvLzbMHnlCNFh63UJxNWCn4Y'),
(149, 'bhagavathi@student.tce.edu', '$pbkdf2-sha256$29000$mfM.R6h1rlVKCQEAoLRWag$IRy6Ez/m/M0UTUTpMj4S6cNLpm9FtqIxKuvTadYU5N4'),
(150, 'bhagyalakshmi@student.tce.edu', '$pbkdf2-sha256$29000$GMN4j1GKcW7NmfP.P8eYEw$bFSR/PzEFI7S1M5er8DP5wJrHHP98fw9S58UOlj4GWw'),
(151, 'boopathy@student.tce.edu', '$pbkdf2-sha256$29000$Oaf03rt3LqX0vlcKofQeQw$mkoK3GoMLBUeAdjboPBxT.0f01T1Lumdcz4Ju/SIXUo'),
(152, 'deepakraja@student.tce.edu', '$pbkdf2-sha256$29000$xXjPeS/FmFNKqdW6lzIG4A$rX6n.oG1fZTW6vWpNXgnmpkJTVAfUsctiRehtky.IRA'),
(153, 'hari@student.tce.edu', '$pbkdf2-sha256$29000$fc8ZYywFwLg3xlgLAaC0dg$vYmDoFaHEsc6tN86lhgP2AtWu5stMHz2uqBuKSO.xSU'),
(154, 'harisht@student.tce.edu', '$pbkdf2-sha256$29000$IGQMoVTqvVeKUeo9Z4zR2g$IyrFzO86PeOoJmDhh/Vlg2XsEKv/wtvEZVua5tDbjyE'),
(155, 'ijaas@student.tce.edu', '$pbkdf2-sha256$29000$zrmXMmYMoXROKeU8x3gPYQ$nCbQhCUB0Oib4/VdF7q046QHdcycRm7M5p.CGJ7yTD0'),
(156, 'kamalinu@student.tce.edu', '$pbkdf2-sha256$29000$de4dY6z1/j9HiPG.F8K4Nw$HOZlpDQ79gp.rpOA3FN.1P0CNeRk4HHuqMgz6Bt5sc4'),
(157, 'karthikeyanm@student.tce.edu', '$pbkdf2-sha256$29000$hbD2PudcS6l1jpFyDsFYiw$m7bN2iB12qyF.wtpbr4GU7qtwAOkg1EK.vV4yn0hI/0'),
(158, 'kenneth@student.tce.edu', '$pbkdf2-sha256$29000$xzhnrLUWwlgrxVgrxdhbiw$YnAFSYFiGyFWWDfM.ZKJTD8uWHTjAjv/gh9VWn7esoY'),
(159, 'krupal@student.tce.edu', '$pbkdf2-sha256$29000$FcK4d25Nybm3dk7J.T9nzA$/BbzgI5oAle9hMwg1ltbwk9nvhAgjcKR1kzSCVEGEMg'),
(160, 'lokeshkannav@student.tce.edu', '$pbkdf2-sha256$29000$B.D8X2sNASCEkBLinFNKqQ$IHmYiGNPIluujYOcBWMJqPJfRegbaGK5Z7j1zlW5gPg'),
(161, 'melvin@student.tce.edu', '$pbkdf2-sha256$29000$Q.gdgzAGwBjD.J8T4ryXkg$6wwrK2Z3eZ/5ZwM/N6sfNQ0Zt3ILOsnQ8lQr0OkM4hU'),
(162, 'muthupriya@student.tce.edu', '$pbkdf2-sha256$29000$IIRQCsE4hxACQGhtba01Jg$AJNithck/99kvFvnpcGGjJmXh3yDPwxnDfw2k0bqNL4'),
(163, 'nagarjun@student.tce.edu', '$pbkdf2-sha256$29000$NKaUsjaGsDZGiNF6L0XIeQ$vUZ/REiDolvRwoGo14g4c8qqE3hQBszG/ThvFca1QLE'),
(164, 'nandhakumar@student.tce.edu', '$pbkdf2-sha256$29000$AgDAuFcqZSxlbO2dU2rNWQ$wAHz/lS2cNbQLFWjdZF6C3Qt5B6lVuGDO2ZLYu7kn4s'),
(165, 'parithipriyan@student.tce.edu', '$pbkdf2-sha256$29000$hNA6Z4zxfs.5lzJGqHXOmQ$.6Lp5bSV1DR53BoW.J50ubRgkstcu2ahDS7lHQxWXjU'),
(166, 'prabhus@student.tce.edu', '$pbkdf2-sha256$29000$zjnnnNN6T.kdg1DKmVNqbQ$L3oVLk5yPh7pP1RBbuojbhJz0TBGIIqmXpj/CT1QP6o'),
(167, 'prabum@student.tce.edu', '$pbkdf2-sha256$29000$.7/3HoOQ8p6T8n4vxVhLaQ$sFoQqO97wLQY/SHKBxRj1L15MDUAbOXZ7ySwD6.L7WY'),
(168, 'pratheesh@student.tce.edu', '$pbkdf2-sha256$29000$7h0jJGTMmfN.L6VUag2BsA$s6laTHR9rj.KpTs76FQCJaWvHYvHFubXxl8bkcGI2RE'),
(169, 'premkumar@student.tce.edu', '$pbkdf2-sha256$29000$lzImBEColTKm1JoTQgjBGA$2GQh.jlniXpdjC8uDVgdcg0X.EBVYWbUHeUZ6KxnTiI'),
(170, 'prithan@student.tce.edu', '$pbkdf2-sha256$29000$CwEAIGTMeQ.BMKb0HkMo5Q$iqSH17tbuMykdBNBNdNRQtsMng78.ff2Izc/E2krWko'),
(171, 'raman@student.tce.edu', '$pbkdf2-sha256$29000$AuAcgzDG2LtXCqHUGgMghA$z3Es5u/irL8bnhjjOygPlQpBfHRy9PD4xVRV3njQM7s'),
(172, 'ramanthanrmc@student.tce.edu', '$pbkdf2-sha256$29000$DSEEIKRUKkVICaG09v7fGw$iN9KWt6rTmUfsr.poEK5aMC4pGYtWl3VGQy.XQXnjq0'),
(173, 'ramasamy@student.tce.edu', '$pbkdf2-sha256$29000$LgXAuDemlJKS0lqrNcYYAw$WzHf55gSX8tyl7Aj0NOk5gv7qUkfXJ5uqaoTv.0zB0k'),
(174, 'rramkumar@student.tce.edu', '$pbkdf2-sha256$29000$u3fu3RtjjDEGoLQWIuTcOw$rJCJrS/T8KnIjrNUTWiQXXrLvAUtD55gqiH0RNHUiwA'),
(175, 'reshma@student.tce.edu', '$pbkdf2-sha256$29000$AmCsdW6tlRIiROi9l7I2Jg$Uv7otZHj42osMB8zvG7CFnVXaRBg7vc2lCVIm2fhG0w'),
(176, 'rishikumar@student.tce.edu', '$pbkdf2-sha256$29000$HONcaw0hRKi19l7L.V9rDQ$/M4r5p7Bsj9Z2tvCcvu5YXztDNxnLHM04a67LKXXIu0'),
(177, 'rishisairam@student.tce.edu', '$pbkdf2-sha256$29000$Ycy51/o/R.id0xrjHAOAcA$KqCDBCLWpQoJfD0vswur7SfgE7D/a5Ij4UarN0jqphg'),
(178, 'riyazur@student.tce.edu', '$pbkdf2-sha256$29000$.P9/L6UU4nxvDeE85zznPA$eta/aMgu.KE69.vgvUtJLpUm3cwBxfDbU6R12J0s0cY'),
(179, 'sabari@student.tce.edu', '$pbkdf2-sha256$29000$mTPGmFMqJeRcq7V2bm2N8Q$BFCBZt4TY/lZak59K1Lzv864BOE8MlbMnk0qLtsGiQA'),
(180, 'santhoshsivan@student.tce.edu', '$pbkdf2-sha256$29000$9V5LifE.h/Ces3bu/R9jLA$ZwPunKUbhd4n5yZafEp4lE0kCsr2j0i8qMOUfkaJbV8'),
(181, 'santhoshi@student.tce.edu', '$pbkdf2-sha256$29000$1bqXcg5ByPmf8x6DsFYqhQ$7EzkpA3PTaTPXtUhocl21UbVBwY7q8wTvt5BIt75bYE'),
(182, 'sarveshwaran@student.tce.ed', '$pbkdf2-sha256$29000$dw5BiNGaUyoFwFhrLcUYAw$gS6Hr07xv0uQ88.1ZSR0E/Uzlg/I2WXbeqyfKr/bDfI'),
(183, 'selvaganesh@student.tce.edu', '$pbkdf2-sha256$29000$nJMSwrg3JsSYM8b435tTyg$eWGMTggwCGlnI6KGMTfbgc2Luu6Lapxrk/qGX8Snru0'),
(184, 'shreya@student.tce.edu', '$pbkdf2-sha256$29000$PEfonXPuXYuRMqb0nhNCqA$1UJOipX/2uCY4B1/yqojgST4n0zlXoor3DK3WVVrQUk'),
(185, 'shyamsundar@student.tce.edu', '$pbkdf2-sha256$29000$4nzvfY.xthYCoPT./58zZg$G7VEwi/blCrqrI8Qf17tAQwBL8UoxruB77OV9AFcX40'),
(186, 'sivakumar@student.tce.edu', '$pbkdf2-sha256$29000$KGXsHaMUQug9BwCgNEZIKQ$nniquauDbSP/AcQn/SKM9zDCDeRWi.ajxPS3RbS1Pt4'),
(187, 'srinivas@student.tce.edu', '$pbkdf2-sha256$29000$/5/zfo9R6j0nxHgPwdhbiw$ECRMPkmGlZWXTDB.UqaY8XeYWVVrfU5rddHnWp6KlrI'),
(188, 'suryanarayanan@student.tce.edu', '$pbkdf2-sha256$29000$mTOG8D7H.J/zPidEiNE6Jw$AM6M/a4cgGirQqISq8qIeK28WcDUE8xmHQ3vFfWer94'),
(189, 'sylesh@student.tce.edu', '$pbkdf2-sha256$29000$3BsDIARA6P1/zxmjtDYmhA$u8OeegoVcGY8F69M8765mGIDE/alKVy.VCE3ouECxRc'),
(190, 'thirumani@student.tce.edu', '$pbkdf2-sha256$29000$jvF.D0EIAaCUMiZESGmtdQ$dBpMGOPcHzO6I0bA91hRCL9QW0qxBpsobOFeYB.dA8Y'),
(191, 'vigneswaran@student.tce.edu', '$pbkdf2-sha256$29000$eW.tFSJEiBGCMAbAmJMyxg$25Wl/hzpnSTjYSAVxHLOJOrWRLzwGYDRHDef46.xC18'),
(192, 'vijaykumar@student.tce.edu', '$pbkdf2-sha256$29000$UqoVwtibMwYAYAzBGENIKQ$CpGMNpIQt..HRnWlN3S6S6bIhjuqs4DXLFSZns5kPe0'),
(193, 'vijayp@student.tce.edu', '$pbkdf2-sha256$29000$4txby5mz9r7X2jvH2Ls3hg$gIKZ4nGu2tGfGdWMvOVdQUjJ/mye/.GTldAc207DWrA'),
(194, 'vijaysaravana@student.tce.edu', '$pbkdf2-sha256$29000$NCak1Lp3LoXQGuN8j3EO4Q$KYL/MSLG5uosGI/MmhOQUqsd.ORfCfSyiKT9ns/nuKM'),
(195, 'vijayvishwanath@student.tce.edu', '$pbkdf2-sha256$29000$7d177/2/d07JWUupFaLU.g$fxD/UPU6f8ZEpqFpqgayc3sMRYlxIsyrfiJTWicIlsM'),
(196, 'vimalkrishnan@student.tce.edu', '$pbkdf2-sha256$29000$bK0VonSOkRKi1Jqz9p6Tkg$73n3oNHz1g3u5PjtV0qKraew035TOiOQ6Ji09CzwuKM'),
(197, 'vishnu@student.tce.edu', '$pbkdf2-sha256$29000$ovS.t/be.79XKkVordV6rw$86Ywv3/wiQgNaVphVZuFdOgR791ZvG9jAlHO.9uwWb8'),
(198, 'vishnuvarthan@student.tce.edu', '$pbkdf2-sha256$29000$Yux9D8HYO0co5XwPIYSw9g$lGNt/WUwT288Lray7sChGM1bc.dkQQIlhR8ojKf0mRU'),
(199, 'viswass@student.tce.edu', '$pbkdf2-sha256$29000$0fpf6z3HeG8NgTBGyFkLgQ$AzL2rtFQbzwk6weoufVBGYinoOIFnvSHHDZopXcC1/A'),
(200, 'yogesh@student.tce.edu', '$pbkdf2-sha256$29000$eC9ljFGqlVJqDcF4j/F.rw$maorlnKVwnhp3NJLentIx3diJha1ozas6W97AvQzL8s'),
(201, 'yuvaraja@student.tce.edu', '$pbkdf2-sha256$29000$g9A6h9Dau5dS6j3H.N97Tw$/kyJ0FcAm9OWGXv.pB0URfV2QA95erq8v4lyV54z85c'),
(202, 'abishekt@student.tce.edu', '$pbkdf2-sha256$29000$6F0LQQghxDinVMq5N.bc.w$82tatW8DaXxo89uH7ft5GeftlzkB4lV64/7JzEELoH4');

--
-- Indexes for dumped tables
--

--
-- Indexes for table `auth_group`
--
ALTER TABLE `auth_group`
  ADD PRIMARY KEY (`id`),
  ADD UNIQUE KEY `name` (`name`);

--
-- Indexes for table `auth_group_permissions`
--
ALTER TABLE `auth_group_permissions`
  ADD PRIMARY KEY (`id`),
  ADD UNIQUE KEY `auth_group_permissions_group_id_permission_id_0cd325b0_uniq` (`group_id`,`permission_id`),
  ADD KEY `auth_group_permissio_permission_id_84c5c92e_fk_auth_perm` (`permission_id`);

--
-- Indexes for table `auth_permission`
--
ALTER TABLE `auth_permission`
  ADD PRIMARY KEY (`id`),
  ADD UNIQUE KEY `auth_permission_content_type_id_codename_01ab375a_uniq` (`content_type_id`,`codename`);

--
-- Indexes for table `auth_user`
--
ALTER TABLE `auth_user`
  ADD PRIMARY KEY (`id`),
  ADD UNIQUE KEY `username` (`username`);

--
-- Indexes for table `auth_user_groups`
--
ALTER TABLE `auth_user_groups`
  ADD PRIMARY KEY (`id`),
  ADD UNIQUE KEY `auth_user_groups_user_id_group_id_94350c0c_uniq` (`user_id`,`group_id`),
  ADD KEY `auth_user_groups_group_id_97559544_fk_auth_group_id` (`group_id`);

--
-- Indexes for table `auth_user_user_permissions`
--
ALTER TABLE `auth_user_user_permissions`
  ADD PRIMARY KEY (`id`),
  ADD UNIQUE KEY `auth_user_user_permissions_user_id_permission_id_14a6b632_uniq` (`user_id`,`permission_id`),
  ADD KEY `auth_user_user_permi_permission_id_1fbb5f2c_fk_auth_perm` (`permission_id`);

--
-- Indexes for table `django_admin_log`
--
ALTER TABLE `django_admin_log`
  ADD PRIMARY KEY (`id`),
  ADD KEY `django_admin_log_content_type_id_c4bce8eb_fk_django_co` (`content_type_id`),
  ADD KEY `django_admin_log_user_id_c564eba6_fk_auth_user_id` (`user_id`);

--
-- Indexes for table `django_content_type`
--
ALTER TABLE `django_content_type`
  ADD PRIMARY KEY (`id`),
  ADD UNIQUE KEY `django_content_type_app_label_model_76bd3d3b_uniq` (`app_label`,`model`);

--
-- Indexes for table `django_migrations`
--
ALTER TABLE `django_migrations`
  ADD PRIMARY KEY (`id`);

--
-- Indexes for table `django_session`
--
ALTER TABLE `django_session`
  ADD PRIMARY KEY (`session_key`),
  ADD KEY `django_session_expire_date_a5c62663` (`expire_date`);

--
-- Indexes for table `mectworkplace_bio`
--
ALTER TABLE `mectworkplace_bio`
  ADD PRIMARY KEY (`userid`),
  ADD UNIQUE KEY `mobile` (`mobile`),
  ADD KEY `fk_bio_id1_idx` (`userid`);

--
-- Indexes for table `mectworkplace_comment`
--
ALTER TABLE `mectworkplace_comment`
  ADD PRIMARY KEY (`id`),
  ADD KEY `fk_comment_posts1_idx` (`postid`),
  ADD KEY `fk_comment_id1_id` (`userid`);

--
-- Indexes for table `mectworkplace_darkmode`
--
ALTER TABLE `mectworkplace_darkmode`
  ADD PRIMARY KEY (`id`);

--
-- Indexes for table `mectworkplace_followers_group`
--
ALTER TABLE `mectworkplace_followers_group`
  ADD PRIMARY KEY (`id`),
  ADD KEY `fk_followers_group_groups1_idx` (`groupid`);

--
-- Indexes for table `mectworkplace_followers_people`
--
ALTER TABLE `mectworkplace_followers_people`
  ADD PRIMARY KEY (`id`),
  ADD KEY `fk_followers_people_id1_idx` (`id_to_follow`),
  ADD KEY `fk_followers_people_id2_idx` (`id_follow`);

--
-- Indexes for table `mectworkplace_group`
--
ALTER TABLE `mectworkplace_group`
  ADD PRIMARY KEY (`groupid`),
  ADD UNIQUE KEY `mectworkplace_group_groupname_ff0f5fc2_uniq` (`groupname`),
  ADD KEY `fk_groups_id1_idx` (`adminid`);

--
-- Indexes for table `mectworkplace_joinrequest`
--
ALTER TABLE `mectworkplace_joinrequest`
  ADD PRIMARY KEY (`id`),
  ADD KEY `fk_joinrequest_id1_idx` (`personid`),
  ADD KEY `fk_joinrequest_groups1_idx` (`groupd`);

--
-- Indexes for table `mectworkplace_like`
--
ALTER TABLE `mectworkplace_like`
  ADD PRIMARY KEY (`id`),
  ADD KEY `fk_like_posts1_idx` (`postid`),
  ADD KEY `fk_like_id1_idx` (`userid`);

--
-- Indexes for table `mectworkplace_logout`
--
ALTER TABLE `mectworkplace_logout`
  ADD PRIMARY KEY (`id`);

--
-- Indexes for table `mectworkplace_notificationcount`
--
ALTER TABLE `mectworkplace_notificationcount`
  ADD PRIMARY KEY (`id`);

--
-- Indexes for table `mectworkplace_ntime`
--
ALTER TABLE `mectworkplace_ntime`
  ADD PRIMARY KEY (`id`);

--
-- Indexes for table `mectworkplace_posts`
--
ALTER TABLE `mectworkplace_posts`
  ADD PRIMARY KEY (`postid`),
  ADD KEY `fk_posts_groups1_idx` (`groupid`),
  ADD KEY `fk_posts_id1_idx` (`userid`);

--
-- Indexes for table `mectworkplace_privatepost`
--
ALTER TABLE `mectworkplace_privatepost`
  ADD PRIMARY KEY (`id`);

--
-- Indexes for table `mectworkplace_privatereply`
--
ALTER TABLE `mectworkplace_privatereply`
  ADD PRIMARY KEY (`id`),
  ADD KEY `fk_privatereply_id1_idx` (`idfrom`),
  ADD KEY `fk_privatereply_id2_idx` (`idto`);

--
-- Indexes for table `mectworkplace_td`
--
ALTER TABLE `mectworkplace_td`
  ADD PRIMARY KEY (`id`),
  ADD UNIQUE KEY `mectworkplace_td_student_fcc6ddf4_uniq` (`student`);

--
-- Indexes for table `mectworkplace_userid`
--
ALTER TABLE `mectworkplace_userid`
  ADD PRIMARY KEY (`userid`),
  ADD UNIQUE KEY `email` (`email`);

--
-- AUTO_INCREMENT for dumped tables
--

--
-- AUTO_INCREMENT for table `auth_group`
--
ALTER TABLE `auth_group`
  MODIFY `id` int(11) NOT NULL AUTO_INCREMENT;

--
-- AUTO_INCREMENT for table `auth_group_permissions`
--
ALTER TABLE `auth_group_permissions`
  MODIFY `id` int(11) NOT NULL AUTO_INCREMENT;

--
-- AUTO_INCREMENT for table `auth_permission`
--
ALTER TABLE `auth_permission`
  MODIFY `id` int(11) NOT NULL AUTO_INCREMENT, AUTO_INCREMENT=93;

--
-- AUTO_INCREMENT for table `auth_user`
--
ALTER TABLE `auth_user`
  MODIFY `id` int(11) NOT NULL AUTO_INCREMENT, AUTO_INCREMENT=3;

--
-- AUTO_INCREMENT for table `auth_user_groups`
--
ALTER TABLE `auth_user_groups`
  MODIFY `id` int(11) NOT NULL AUTO_INCREMENT;

--
-- AUTO_INCREMENT for table `auth_user_user_permissions`
--
ALTER TABLE `auth_user_user_permissions`
  MODIFY `id` int(11) NOT NULL AUTO_INCREMENT;

--
-- AUTO_INCREMENT for table `django_admin_log`
--
ALTER TABLE `django_admin_log`
  MODIFY `id` int(11) NOT NULL AUTO_INCREMENT, AUTO_INCREMENT=9;

--
-- AUTO_INCREMENT for table `django_content_type`
--
ALTER TABLE `django_content_type`
  MODIFY `id` int(11) NOT NULL AUTO_INCREMENT, AUTO_INCREMENT=23;

--
-- AUTO_INCREMENT for table `django_migrations`
--
ALTER TABLE `django_migrations`
  MODIFY `id` int(11) NOT NULL AUTO_INCREMENT, AUTO_INCREMENT=29;

--
-- AUTO_INCREMENT for table `mectworkplace_comment`
--
ALTER TABLE `mectworkplace_comment`
  MODIFY `id` int(11) NOT NULL AUTO_INCREMENT;

--
-- AUTO_INCREMENT for table `mectworkplace_darkmode`
--
ALTER TABLE `mectworkplace_darkmode`
  MODIFY `id` int(11) NOT NULL AUTO_INCREMENT, AUTO_INCREMENT=215;

--
-- AUTO_INCREMENT for table `mectworkplace_followers_group`
--
ALTER TABLE `mectworkplace_followers_group`
  MODIFY `id` int(11) NOT NULL AUTO_INCREMENT;

--
-- AUTO_INCREMENT for table `mectworkplace_followers_people`
--
ALTER TABLE `mectworkplace_followers_people`
  MODIFY `id` int(11) NOT NULL AUTO_INCREMENT;

--
-- AUTO_INCREMENT for table `mectworkplace_group`
--
ALTER TABLE `mectworkplace_group`
  MODIFY `groupid` int(11) NOT NULL AUTO_INCREMENT, AUTO_INCREMENT=36;

--
-- AUTO_INCREMENT for table `mectworkplace_joinrequest`
--
ALTER TABLE `mectworkplace_joinrequest`
  MODIFY `id` int(11) NOT NULL AUTO_INCREMENT;

--
-- AUTO_INCREMENT for table `mectworkplace_like`
--
ALTER TABLE `mectworkplace_like`
  MODIFY `id` int(11) NOT NULL AUTO_INCREMENT, AUTO_INCREMENT=8;

--
-- AUTO_INCREMENT for table `mectworkplace_logout`
--
ALTER TABLE `mectworkplace_logout`
  MODIFY `id` int(11) NOT NULL AUTO_INCREMENT, AUTO_INCREMENT=215;

--
-- AUTO_INCREMENT for table `mectworkplace_notificationcount`
--
ALTER TABLE `mectworkplace_notificationcount`
  MODIFY `id` int(11) NOT NULL AUTO_INCREMENT, AUTO_INCREMENT=215;

--
-- AUTO_INCREMENT for table `mectworkplace_ntime`
--
ALTER TABLE `mectworkplace_ntime`
  MODIFY `id` int(11) NOT NULL AUTO_INCREMENT, AUTO_INCREMENT=215;

--
-- AUTO_INCREMENT for table `mectworkplace_posts`
--
ALTER TABLE `mectworkplace_posts`
  MODIFY `postid` int(11) NOT NULL AUTO_INCREMENT, AUTO_INCREMENT=34;

--
-- AUTO_INCREMENT for table `mectworkplace_privatepost`
--
ALTER TABLE `mectworkplace_privatepost`
  MODIFY `id` int(11) NOT NULL AUTO_INCREMENT, AUTO_INCREMENT=27;

--
-- AUTO_INCREMENT for table `mectworkplace_privatereply`
--
ALTER TABLE `mectworkplace_privatereply`
  MODIFY `id` int(11) NOT NULL AUTO_INCREMENT;

--
-- AUTO_INCREMENT for table `mectworkplace_td`
--
ALTER TABLE `mectworkplace_td`
  MODIFY `id` int(11) NOT NULL AUTO_INCREMENT, AUTO_INCREMENT=4;

--
-- AUTO_INCREMENT for table `mectworkplace_userid`
--
ALTER TABLE `mectworkplace_userid`
  MODIFY `userid` int(11) NOT NULL AUTO_INCREMENT, AUTO_INCREMENT=203;

--
-- Constraints for dumped tables
--

--
-- Constraints for table `auth_group_permissions`
--
ALTER TABLE `auth_group_permissions`
  ADD CONSTRAINT `auth_group_permissio_permission_id_84c5c92e_fk_auth_perm` FOREIGN KEY (`permission_id`) REFERENCES `auth_permission` (`id`),
  ADD CONSTRAINT `auth_group_permissions_group_id_b120cbf9_fk_auth_group_id` FOREIGN KEY (`group_id`) REFERENCES `auth_group` (`id`);

--
-- Constraints for table `auth_permission`
--
ALTER TABLE `auth_permission`
  ADD CONSTRAINT `auth_permission_content_type_id_2f476e4b_fk_django_co` FOREIGN KEY (`content_type_id`) REFERENCES `django_content_type` (`id`);

--
-- Constraints for table `auth_user_groups`
--
ALTER TABLE `auth_user_groups`
  ADD CONSTRAINT `auth_user_groups_group_id_97559544_fk_auth_group_id` FOREIGN KEY (`group_id`) REFERENCES `auth_group` (`id`),
  ADD CONSTRAINT `auth_user_groups_user_id_6a12ed8b_fk_auth_user_id` FOREIGN KEY (`user_id`) REFERENCES `auth_user` (`id`);

--
-- Constraints for table `auth_user_user_permissions`
--
ALTER TABLE `auth_user_user_permissions`
  ADD CONSTRAINT `auth_user_user_permi_permission_id_1fbb5f2c_fk_auth_perm` FOREIGN KEY (`permission_id`) REFERENCES `auth_permission` (`id`),
  ADD CONSTRAINT `auth_user_user_permissions_user_id_a95ead1b_fk_auth_user_id` FOREIGN KEY (`user_id`) REFERENCES `auth_user` (`id`);

--
-- Constraints for table `django_admin_log`
--
ALTER TABLE `django_admin_log`
  ADD CONSTRAINT `django_admin_log_content_type_id_c4bce8eb_fk_django_co` FOREIGN KEY (`content_type_id`) REFERENCES `django_content_type` (`id`),
  ADD CONSTRAINT `django_admin_log_user_id_c564eba6_fk_auth_user_id` FOREIGN KEY (`user_id`) REFERENCES `auth_user` (`id`);
COMMIT;

/*!40101 SET CHARACTER_SET_CLIENT=@OLD_CHARACTER_SET_CLIENT */;
/*!40101 SET CHARACTER_SET_RESULTS=@OLD_CHARACTER_SET_RESULTS */;
/*!40101 SET COLLATION_CONNECTION=@OLD_COLLATION_CONNECTION */;
