-- phpMyAdmin SQL Dump
-- version 5.1.0
-- https://www.phpmyadmin.net/
--
-- Host: 127.0.0.1
-- Generation Time: Jun 16, 2022 at 05:00 PM
-- Server version: 10.4.18-MariaDB
-- PHP Version: 8.0.3

SET SQL_MODE = "NO_AUTO_VALUE_ON_ZERO";
START TRANSACTION;
SET time_zone = "+00:00";


/*!40101 SET @OLD_CHARACTER_SET_CLIENT=@@CHARACTER_SET_CLIENT */;
/*!40101 SET @OLD_CHARACTER_SET_RESULTS=@@CHARACTER_SET_RESULTS */;
/*!40101 SET @OLD_COLLATION_CONNECTION=@@COLLATION_CONNECTION */;
/*!40101 SET NAMES utf8mb4 */;

--
-- Database: `momentdb`
--

-- --------------------------------------------------------

--
-- Table structure for table `auth_group`
--

CREATE TABLE `auth_group` (
  `id` int(11) NOT NULL,
  `name` varchar(150) NOT NULL
) ENGINE=InnoDB DEFAULT CHARSET=utf8mb4;

-- --------------------------------------------------------

--
-- Table structure for table `auth_group_permissions`
--

CREATE TABLE `auth_group_permissions` (
  `id` int(11) NOT NULL,
  `group_id` int(11) NOT NULL,
  `permission_id` int(11) NOT NULL
) ENGINE=InnoDB DEFAULT CHARSET=utf8mb4;

-- --------------------------------------------------------

--
-- Table structure for table `auth_permission`
--

CREATE TABLE `auth_permission` (
  `id` int(11) NOT NULL,
  `name` varchar(255) NOT NULL,
  `content_type_id` int(11) NOT NULL,
  `codename` varchar(100) NOT NULL
) ENGINE=InnoDB DEFAULT CHARSET=utf8mb4;

--
-- Dumping data for table `auth_permission`
--

INSERT INTO `auth_permission` (`id`, `name`, `content_type_id`, `codename`) VALUES
(1, 'Can add bio', 1, 'add_bio'),
(2, 'Can change bio', 1, 'change_bio'),
(3, 'Can delete bio', 1, 'delete_bio'),
(4, 'Can view bio', 1, 'view_bio'),
(5, 'Can add certificate_details', 2, 'add_certificate_details'),
(6, 'Can change certificate_details', 2, 'change_certificate_details'),
(7, 'Can delete certificate_details', 2, 'delete_certificate_details'),
(8, 'Can view certificate_details', 2, 'view_certificate_details'),
(9, 'Can add comment', 3, 'add_comment'),
(10, 'Can change comment', 3, 'change_comment'),
(11, 'Can delete comment', 3, 'delete_comment'),
(12, 'Can view comment', 3, 'view_comment'),
(13, 'Can add darkmode', 4, 'add_darkmode'),
(14, 'Can change darkmode', 4, 'change_darkmode'),
(15, 'Can delete darkmode', 4, 'delete_darkmode'),
(16, 'Can view darkmode', 4, 'view_darkmode'),
(17, 'Can add event queries', 5, 'add_eventqueries'),
(18, 'Can change event queries', 5, 'change_eventqueries'),
(19, 'Can delete event queries', 5, 'delete_eventqueries'),
(20, 'Can view event queries', 5, 'view_eventqueries'),
(21, 'Can add events', 6, 'add_events'),
(22, 'Can change events', 6, 'change_events'),
(23, 'Can delete events', 6, 'delete_events'),
(24, 'Can view events', 6, 'view_events'),
(25, 'Can add event update', 7, 'add_eventupdate'),
(26, 'Can change event update', 7, 'change_eventupdate'),
(27, 'Can delete event update', 7, 'delete_eventupdate'),
(28, 'Can view event update', 7, 'view_eventupdate'),
(29, 'Can add fcmdata', 8, 'add_fcmdata'),
(30, 'Can change fcmdata', 8, 'change_fcmdata'),
(31, 'Can delete fcmdata', 8, 'delete_fcmdata'),
(32, 'Can view fcmdata', 8, 'view_fcmdata'),
(33, 'Can add followers_group', 9, 'add_followers_group'),
(34, 'Can change followers_group', 9, 'change_followers_group'),
(35, 'Can delete followers_group', 9, 'delete_followers_group'),
(36, 'Can view followers_group', 9, 'view_followers_group'),
(37, 'Can add followers_people', 10, 'add_followers_people'),
(38, 'Can change followers_people', 10, 'change_followers_people'),
(39, 'Can delete followers_people', 10, 'delete_followers_people'),
(40, 'Can view followers_people', 10, 'view_followers_people'),
(41, 'Can add group', 11, 'add_group'),
(42, 'Can change group', 11, 'change_group'),
(43, 'Can delete group', 11, 'delete_group'),
(44, 'Can view group', 11, 'view_group'),
(45, 'Can add like', 12, 'add_like'),
(46, 'Can change like', 12, 'change_like'),
(47, 'Can delete like', 12, 'delete_like'),
(48, 'Can view like', 12, 'view_like'),
(49, 'Can add logout', 13, 'add_logout'),
(50, 'Can change logout', 13, 'change_logout'),
(51, 'Can delete logout', 13, 'delete_logout'),
(52, 'Can view logout', 13, 'view_logout'),
(53, 'Can add notificationcount', 14, 'add_notificationcount'),
(54, 'Can change notificationcount', 14, 'change_notificationcount'),
(55, 'Can delete notificationcount', 14, 'delete_notificationcount'),
(56, 'Can view notificationcount', 14, 'view_notificationcount'),
(57, 'Can add ntime', 15, 'add_ntime'),
(58, 'Can change ntime', 15, 'change_ntime'),
(59, 'Can delete ntime', 15, 'delete_ntime'),
(60, 'Can view ntime', 15, 'view_ntime'),
(61, 'Can add posts', 16, 'add_posts'),
(62, 'Can change posts', 16, 'change_posts'),
(63, 'Can delete posts', 16, 'delete_posts'),
(64, 'Can view posts', 16, 'view_posts'),
(65, 'Can add privatepost', 17, 'add_privatepost'),
(66, 'Can change privatepost', 17, 'change_privatepost'),
(67, 'Can delete privatepost', 17, 'delete_privatepost'),
(68, 'Can view privatepost', 17, 'view_privatepost'),
(69, 'Can add privatereply', 18, 'add_privatereply'),
(70, 'Can change privatereply', 18, 'change_privatereply'),
(71, 'Can delete privatereply', 18, 'delete_privatereply'),
(72, 'Can view privatereply', 18, 'view_privatereply'),
(73, 'Can add registration', 19, 'add_registration'),
(74, 'Can change registration', 19, 'change_registration'),
(75, 'Can delete registration', 19, 'delete_registration'),
(76, 'Can view registration', 19, 'view_registration'),
(77, 'Can add studentdetails', 20, 'add_studentdetails'),
(78, 'Can change studentdetails', 20, 'change_studentdetails'),
(79, 'Can delete studentdetails', 20, 'delete_studentdetails'),
(80, 'Can view studentdetails', 20, 'view_studentdetails'),
(81, 'Can add td', 21, 'add_td'),
(82, 'Can change td', 21, 'change_td'),
(83, 'Can delete td', 21, 'delete_td'),
(84, 'Can view td', 21, 'view_td'),
(85, 'Can add userid', 22, 'add_userid'),
(86, 'Can change userid', 22, 'change_userid'),
(87, 'Can delete userid', 22, 'delete_userid'),
(88, 'Can view userid', 22, 'view_userid'),
(89, 'Can add log entry', 23, 'add_logentry'),
(90, 'Can change log entry', 23, 'change_logentry'),
(91, 'Can delete log entry', 23, 'delete_logentry'),
(92, 'Can view log entry', 23, 'view_logentry'),
(93, 'Can add permission', 24, 'add_permission'),
(94, 'Can change permission', 24, 'change_permission'),
(95, 'Can delete permission', 24, 'delete_permission'),
(96, 'Can view permission', 24, 'view_permission'),
(97, 'Can add group', 25, 'add_group'),
(98, 'Can change group', 25, 'change_group'),
(99, 'Can delete group', 25, 'delete_group'),
(100, 'Can view group', 25, 'view_group'),
(101, 'Can add user', 26, 'add_user'),
(102, 'Can change user', 26, 'change_user'),
(103, 'Can delete user', 26, 'delete_user'),
(104, 'Can view user', 26, 'view_user'),
(105, 'Can add content type', 27, 'add_contenttype'),
(106, 'Can change content type', 27, 'change_contenttype'),
(107, 'Can delete content type', 27, 'delete_contenttype'),
(108, 'Can view content type', 27, 'view_contenttype'),
(109, 'Can add session', 28, 'add_session'),
(110, 'Can change session', 28, 'change_session'),
(111, 'Can delete session', 28, 'delete_session'),
(112, 'Can view session', 28, 'view_session');

-- --------------------------------------------------------

--
-- Table structure for table `auth_user`
--

CREATE TABLE `auth_user` (
  `id` int(11) NOT NULL,
  `password` varchar(128) NOT NULL,
  `last_login` datetime(6) DEFAULT NULL,
  `is_superuser` tinyint(1) NOT NULL,
  `username` varchar(150) NOT NULL,
  `first_name` varchar(150) NOT NULL,
  `last_name` varchar(150) NOT NULL,
  `email` varchar(254) NOT NULL,
  `is_staff` tinyint(1) NOT NULL,
  `is_active` tinyint(1) NOT NULL,
  `date_joined` datetime(6) NOT NULL
) ENGINE=InnoDB DEFAULT CHARSET=utf8mb4;

-- --------------------------------------------------------

--
-- Table structure for table `auth_user_groups`
--

CREATE TABLE `auth_user_groups` (
  `id` int(11) NOT NULL,
  `user_id` int(11) NOT NULL,
  `group_id` int(11) NOT NULL
) ENGINE=InnoDB DEFAULT CHARSET=utf8mb4;

-- --------------------------------------------------------

--
-- Table structure for table `auth_user_user_permissions`
--

CREATE TABLE `auth_user_user_permissions` (
  `id` int(11) NOT NULL,
  `user_id` int(11) NOT NULL,
  `permission_id` int(11) NOT NULL
) ENGINE=InnoDB DEFAULT CHARSET=utf8mb4;

-- --------------------------------------------------------

--
-- Table structure for table `django_admin_log`
--

CREATE TABLE `django_admin_log` (
  `id` int(11) NOT NULL,
  `action_time` datetime(6) NOT NULL,
  `object_id` longtext DEFAULT NULL,
  `object_repr` varchar(200) NOT NULL,
  `action_flag` smallint(5) UNSIGNED NOT NULL CHECK (`action_flag` >= 0),
  `change_message` longtext NOT NULL,
  `content_type_id` int(11) DEFAULT NULL,
  `user_id` int(11) NOT NULL
) ENGINE=InnoDB DEFAULT CHARSET=utf8mb4;

-- --------------------------------------------------------

--
-- Table structure for table `django_content_type`
--

CREATE TABLE `django_content_type` (
  `id` int(11) NOT NULL,
  `app_label` varchar(100) NOT NULL,
  `model` varchar(100) NOT NULL
) ENGINE=InnoDB DEFAULT CHARSET=utf8mb4;

--
-- Dumping data for table `django_content_type`
--

INSERT INTO `django_content_type` (`id`, `app_label`, `model`) VALUES
(23, 'admin', 'logentry'),
(25, 'auth', 'group'),
(24, 'auth', 'permission'),
(26, 'auth', 'user'),
(27, 'contenttypes', 'contenttype'),
(1, 'mectworkplace', 'bio'),
(2, 'mectworkplace', 'certificate_details'),
(3, 'mectworkplace', 'comment'),
(4, 'mectworkplace', 'darkmode'),
(5, 'mectworkplace', 'eventqueries'),
(6, 'mectworkplace', 'events'),
(7, 'mectworkplace', 'eventupdate'),
(8, 'mectworkplace', 'fcmdata'),
(9, 'mectworkplace', 'followers_group'),
(10, 'mectworkplace', 'followers_people'),
(11, 'mectworkplace', 'group'),
(12, 'mectworkplace', 'like'),
(13, 'mectworkplace', 'logout'),
(14, 'mectworkplace', 'notificationcount'),
(15, 'mectworkplace', 'ntime'),
(16, 'mectworkplace', 'posts'),
(17, 'mectworkplace', 'privatepost'),
(18, 'mectworkplace', 'privatereply'),
(19, 'mectworkplace', 'registration'),
(20, 'mectworkplace', 'studentdetails'),
(21, 'mectworkplace', 'td'),
(22, 'mectworkplace', 'userid'),
(28, 'sessions', 'session');

-- --------------------------------------------------------

--
-- Table structure for table `django_migrations`
--

CREATE TABLE `django_migrations` (
  `id` int(11) NOT NULL,
  `app` varchar(255) NOT NULL,
  `name` varchar(255) NOT NULL,
  `applied` datetime(6) NOT NULL
) ENGINE=InnoDB DEFAULT CHARSET=utf8mb4;

--
-- Dumping data for table `django_migrations`
--

INSERT INTO `django_migrations` (`id`, `app`, `name`, `applied`) VALUES
(1, 'contenttypes', '0001_initial', '2022-01-13 17:49:15.766542'),
(2, 'auth', '0001_initial', '2022-01-13 17:49:18.036864'),
(3, 'admin', '0001_initial', '2022-01-13 17:49:27.281530'),
(4, 'admin', '0002_logentry_remove_auto_add', '2022-01-13 17:49:32.345372'),
(5, 'admin', '0003_logentry_add_action_flag_choices', '2022-01-13 17:49:32.535714'),
(6, 'contenttypes', '0002_remove_content_type_name', '2022-01-13 17:49:34.156475'),
(7, 'auth', '0002_alter_permission_name_max_length', '2022-01-13 17:49:36.141764'),
(8, 'auth', '0003_alter_user_email_max_length', '2022-01-13 17:49:36.636425'),
(9, 'auth', '0004_alter_user_username_opts', '2022-01-13 17:49:36.800988'),
(10, 'auth', '0005_alter_user_last_login_null', '2022-01-13 17:49:38.256648'),
(11, 'auth', '0006_require_contenttypes_0002', '2022-01-13 17:49:38.301871'),
(12, 'auth', '0007_alter_validators_add_error_messages', '2022-01-13 17:49:38.458198'),
(13, 'auth', '0008_alter_user_username_max_length', '2022-01-13 17:49:38.831584'),
(14, 'auth', '0009_alter_user_last_name_max_length', '2022-01-13 17:49:39.186508'),
(15, 'auth', '0010_alter_group_name_max_length', '2022-01-13 17:49:39.786608'),
(16, 'auth', '0011_update_proxy_permissions', '2022-01-13 17:49:39.943443'),
(17, 'auth', '0012_alter_user_first_name_max_length', '2022-01-13 17:49:40.336477'),
(18, 'mectworkplace', '0001_initial', '2022-01-13 17:49:57.846369'),
(19, 'mectworkplace', '0002_auto_20220113_2237', '2022-01-13 17:50:04.676691'),
(20, 'sessions', '0001_initial', '2022-01-13 17:50:06.580082'),
(21, 'mectworkplace', '0003_delete_fcmdata', '2022-01-13 18:26:45.952597'),
(22, 'mectworkplace', '0004_fcmdata', '2022-01-13 18:27:15.224064'),
(23, 'mectworkplace', '0006_auto_20220114_0012', '2022-01-13 18:43:54.668730'),
(24, 'mectworkplace', '0007_userid_usertype', '2022-01-13 19:13:58.790387'),
(25, 'mectworkplace', '0008_bio_reg_no', '2022-01-13 19:17:59.806843');

-- --------------------------------------------------------

--
-- Table structure for table `django_session`
--

CREATE TABLE `django_session` (
  `session_key` varchar(40) NOT NULL,
  `session_data` longtext NOT NULL,
  `expire_date` datetime(6) NOT NULL
) ENGINE=InnoDB DEFAULT CHARSET=utf8mb4;

--
-- Dumping data for table `django_session`
--

INSERT INTO `django_session` (`session_key`, `session_data`, `expire_date`) VALUES
('idso7zribn1fasj2gp9kqn1ga19cqnnm', '.eJxdjkEOgjAQRa9iZl3EKdJgr-HSsBi04ESmNC2ujHe3DWHj7uUt_vsfeCcX-QFWt2cFsgw8O7Bgmq7tUBtzAQWepLgrySFEelF6Zil4AnvrFdAOww6CuMHInuYNPeo8kVZa-V6z0ORSHeIy5lxVLhyDn0oKm7_S9wfd3TBA:1n85c3:v_aicbW91SAAxqLqzr70mVJ0lPesiBTg0KVsE6w11jo', '2022-01-27 19:18:19.590945');

-- --------------------------------------------------------

--
-- Table structure for table `mectworkplace_bio`
--

CREATE TABLE `mectworkplace_bio` (
  `userid` int(11) NOT NULL,
  `name` varchar(45) CHARACTER SET utf8mb4 COLLATE utf8mb4_bin NOT NULL,
  `mobile` varchar(11) NOT NULL,
  `acctype` int(11) NOT NULL,
  `designation` int(11) NOT NULL,
  `profilepic` varchar(45) DEFAULT NULL,
  `altemail` varchar(51) DEFAULT NULL,
  `batch_end` int(11),
  `batch_start` int(11),
  `reg_no` varchar(11) DEFAULT NULL
) ENGINE=InnoDB DEFAULT CHARSET=utf8mb4;

--
-- Dumping data for table `mectworkplace_bio`
--

INSERT INTO `mectworkplace_bio` (`userid`, `name`, `mobile`, `acctype`, `designation`, `profilepic`, `altemail`, `batch_end`, `batch_start`, `reg_no`) VALUES
(1, 'Palaninatharaja M', '9894094155', 0, 0, 'static/images/profile-user.png', NULL, 0, 0, NULL),
(2, 'Kumaraguruparan G', '9865207240', 0, 1, 'static/images/profile-user.png', NULL, 0, 0, NULL),
(3, 'KANAGARAJ G', '8667231316', 0, 1, 'static/images/profile-user.png', NULL, 0, 0, NULL),
(4, 'Julius Fusic S', '9600663383', 0, 2, 'static/images/profile-user.png', NULL, 0, 0, NULL),
(5, 'PARTHASARATHI S', '9843634674', 0, 2, 'static/images/profile-user.png', NULL, 0, 0, NULL),
(6, 'RAMESH H', '9486633256', 0, 2, 'static/images/profile-user.png', NULL, 0, 0, NULL),
(7, 'GANESH M A', '7598493800', 0, 2, 'static/images/profile-user.png', NULL, 0, 0, NULL),
(8, 'SHEIK MASTHAN S A R', '9790935992', 0, 2, 'static/images/profile-user.png', NULL, 0, 0, NULL),
(10, 'PRAVEEN KUMAR B', '8939041890', 0, 2, 'static/images/profile-user.png', NULL, 0, 0, NULL),
(11, 'DEVARAJAN M M', '9443639739', 0, 2, 'static/images/profile-user.png', NULL, 0, 0, NULL),
(12, 'MANIKANDAN S', '9629395025', 0, 2, 'static/images/profile-user.png', NULL, 0, 0, NULL),
(13, 'aaruthraa r', '7092249954', 1, 3, 'static/images/profile-user.png', NULL, 2022, 2018, NULL),
(14, 'aishwarya ss', '8072052414', 1, 3, 'static/images/profile-user.png', NULL, 2022, 2018, NULL),
(15, 'ananth', '7448456373', 1, 3, 'static/images/profile-user.png', NULL, 2022, 2018, NULL),
(16, 'annamalai g', '8300575782', 1, 3, 'static/images/profile-user.png', NULL, 2022, 2018, NULL),
(17, 'arjun sadhotra', '8899244029', 1, 3, 'static/images/profile-user.png', NULL, 2022, 2018, NULL),
(18, 'aswin sudarsan b k', '9597502792', 1, 3, 'static/images/profile-user.png', NULL, 2022, 2018, NULL),
(19, 'balaji b', '9080933296', 1, 3, 'static/images/profile-user.png', NULL, 2022, 2018, NULL),
(20, 'bharath balaji e', '8610463974', 1, 3, 'static/images/profile-user.png', NULL, 2022, 2018, NULL),
(21, 'bhaven kumar jain d', '9791800960', 1, 3, 'static/images/profile-user.png', NULL, 2022, 2018, NULL),
(22, 'bujita c', '6385293455', 1, 3, 'static/images/profile-user.png', NULL, 2022, 2018, NULL),
(23, 'deepauk', '8248409610', 1, 3, 'static/images/profile-user.png', NULL, 2022, 2018, NULL),
(24, 'derin viswath m', '9159139638', 1, 3, 'static/images/profile-user.png', NULL, 2022, 2018, NULL),
(25, 'dinesh kumar e l', '9047145787', 1, 3, 'static/images/profile-user.png', NULL, 2022, 2018, NULL),
(26, 'elanchezhian k', '6369737976', 1, 3, 'static/images/profile-user.png', NULL, 2022, 2018, NULL),
(27, 'gomathi sankar ', '6382677012', 1, 3, 'static/images/profile-user.png', NULL, 2022, 2018, NULL),
(28, 'gopinath m', '9843923660', 1, 3, 'static/images/profile-user.png', NULL, 2022, 2018, NULL),
(29, 'gowtham s', '6369364827', 1, 3, 'static/images/profile-user.png', NULL, 2022, 2018, NULL),
(30, 'hariharan a l', '7339224690', 1, 3, 'static/images/profile-user.png', NULL, 2022, 2018, NULL),
(31, 'harikeswaran', '6380878173', 1, 3, 'static/images/profile-user.png', NULL, 2022, 2018, NULL),
(32, 'harimuthuchandran', '6369886855', 1, 3, 'static/images/profile-user.png', NULL, 2022, 2018, NULL),
(33, 'harishvasanth', '6382219912', 1, 3, 'static/images/profile-user.png', NULL, 2022, 2018, NULL),
(34, 'hemachandran', '9655786097', 1, 3, 'static/images/profile-user.png', NULL, 2022, 2018, NULL),
(35, 'jayaseelan', '9047482307', 1, 3, 'static/images/profile-user.png', NULL, 2022, 2018, NULL),
(36, 'Jeyasakthi', '9600245994', 1, 3, 'static/images/profile-user.png', NULL, 2022, 2018, NULL),
(37, 'kaushik vishwanath s m', '9176977995', 1, 3, 'static/images/profile-user.png', NULL, 2022, 2018, NULL),
(38, 'logesh v', '9626191461', 1, 3, 'static/images/profile-user.png', NULL, 2022, 2018, NULL),
(39, 'manoj kumar', '9047904101', 1, 3, 'static/images/profile-user.png', NULL, 2022, 2018, NULL),
(40, 'mohammed fiazudeen', '7339685105', 1, 3, 'static/images/profile-user.png', NULL, 2022, 2018, NULL),
(41, 'naveetha kannan m c', '6369591025', 1, 3, 'static/images/profile-user.png', NULL, 2022, 2018, NULL),
(42, 'navaneethan', '6383170537', 1, 3, 'static/images/profile-user.png', NULL, 2022, 2018, NULL),
(43, 'naveen k', '7010496296', 1, 3, 'static/images/profile-user.png', NULL, 2022, 2018, NULL),
(44, 'naveen prasath', '8056554641', 1, 3, 'static/images/profile-user.png', NULL, 2022, 2018, NULL),
(45, 'nikhilesh babu', '9488165072', 1, 3, 'static/images/profile-user.png', NULL, 2022, 2018, NULL),
(46, 'niranjanraaj c s', '9003254138', 1, 3, 'static/images/profile-user.png', NULL, 2022, 2018, NULL),
(47, 'nisanth', '6369104170', 1, 3, 'static/images/profile-user.png', NULL, 2022, 2018, NULL),
(48, 'nivas', '8825958425', 1, 3, 'static/images/profile-user.png', NULL, 2022, 2018, NULL),
(49, 'om prakash', '9789568134', 1, 3, 'static/images/profile-user.png', NULL, 2022, 2018, NULL),
(50, 'potheeraj', '6383244955', 1, 3, 'static/images/profile-user.png', NULL, 2022, 2018, NULL),
(51, 'prabhakaran k', '7598054442', 1, 3, 'static/images/profile-user.png', NULL, 2022, 2018, NULL),
(52, 'pradeep c', '9788893544', 1, 3, 'static/images/profile-user.png', NULL, 2022, 2018, NULL),
(53, 'prasanth v', '9790454039', 1, 3, 'static/images/profile-user.png', NULL, 2022, 2018, NULL),
(54, 'pravinraj', '8220312061', 1, 3, 'static/images/profile-user.png', NULL, 2022, 2018, NULL),
(55, 'ragul k', '9566478276', 1, 3, 'static/images/profile-user.png', NULL, 2022, 2018, NULL),
(56, 'rajadurai', '7449224261', 1, 3, 'static/images/profile-user.png', NULL, 2022, 2018, NULL),
(57, 'raja sheeba', '9514723747', 1, 3, 'static/images/profile-user.png', NULL, 2022, 2018, NULL),
(58, '😀RAM', '7397581665', 1, 3, 'static/images/profile-user.png', NULL, 2022, 2018, NULL),
(59, 'reshma k k', '6379343300', 1, 3, 'static/images/profile-user.png', NULL, 2022, 2018, NULL),
(60, 'rishikesh', '9566653239', 1, 3, 'static/images/profile-user.png', NULL, 2022, 2018, NULL),
(61, 'sankarnarayanan', '8610562930', 1, 3, 'static/images/profile-user.png', NULL, 2022, 2018, NULL),
(62, 'sarath ram shankar', '9655820980', 1, 3, 'static/images/profile-user.png', NULL, 2022, 2018, NULL),
(63, 'sateesh kumar', '9489803017', 1, 3, 'static/images/profile-user.png', NULL, 2022, 2018, NULL),
(64, 'sathyanarayana', '7358412781', 1, 3, 'static/images/profile-user.png', NULL, 2022, 2018, NULL),
(65, 'shivani priya', '9585281333', 1, 3, 'static/images/profile-user.png', NULL, 2022, 2018, NULL),
(66, 'sriganesh', '6379813323', 1, 3, 'static/images/profile-user.png', NULL, 2022, 2018, NULL),
(67, 'srikaanth', '6369318119', 1, 3, 'static/images/profile-user.png', NULL, 2022, 2018, NULL),
(68, 'subbiah a n', '9597708197', 1, 3, 'static/images/profile-user.png', NULL, 2022, 2018, NULL),
(69, 'swathilakshmi p r k', '9043765358', 1, 3, 'static/images/profile-user.png', NULL, 2022, 2018, NULL),
(70, 'thilagar', '7373954540', 1, 3, 'static/images/profile-user.png', NULL, 2022, 2018, NULL),
(71, 'udhayan', '9487613476', 1, 3, 'static/images/profile-user.png', NULL, 2022, 2018, NULL),
(72, 'vickram c p', '8489278499', 1, 3, 'static/images/profile-user.png', NULL, 2022, 2018, NULL),
(73, 'vishal r b', '7019531984', 1, 3, 'static/images/profile-user.png', NULL, 2022, 2018, NULL),
(74, 'vishnuvijay', '8072107144', 1, 3, 'static/images/profile-user.png', NULL, 2022, 2018, NULL),
(75, 'vishnukumar a r', '8098215553', 1, 3, 'static/images/profile-user.png', NULL, 2022, 2018, NULL),
(76, 'vishwa', '9677740561', 1, 3, 'static/images/profile-user.png', NULL, 2022, 2018, NULL),
(77, 'yogaprakash', '8754940240', 1, 3, 'static/images/profile-user.png', NULL, 2022, 2018, NULL),
(78, 'aathith sanjay b k', '8220036536', 1, 3, 'static/images/profile-user.png', NULL, 0, 0, NULL),
(79, 'anbarasan', ' 8973961139', 1, 3, 'static/images/profile-user.png', NULL, 0, 0, NULL),
(80, 'anishdevan', '9965590502', 1, 3, 'static/images/profile-user.png', NULL, 0, 0, NULL),
(81, 'anjana t s', '6379312871', 1, 3, 'static/images/profile-user.png', NULL, 0, 0, NULL),
(82, 'annamalai r m', '9514793299', 1, 3, 'static/images/profile-user.png', NULL, 0, 0, NULL),
(83, 'balaji m', '8940867178', 1, 3, 'static/images/profile-user.png', NULL, 0, 0, NULL),
(84, 'bharatheeswaran', '7092756458', 1, 3, 'static/images/profile-user.png', NULL, 0, 0, NULL),
(85, 'bhavhadharani s d', '9443683347', 1, 3, 'static/images/profile-user.png', NULL, 0, 0, NULL),
(86, 'borris leo s', '9361352061', 1, 3, 'static/images/profile-user.png', NULL, 0, 0, NULL),
(87, 'buvana', '9361405922', 1, 3, 'static/images/profile-user.png', NULL, 0, 0, NULL),
(88, 'buvanesvar', '9443303030', 1, 3, 'static/images/profile-user.png', NULL, 0, 0, NULL),
(89, 'chellaramu', '8220991113', 1, 3, 'static/images/profile-user.png', NULL, 0, 0, NULL),
(90, 'devakumar', '8925353825', 1, 3, 'static/images/profile-user.png', NULL, 0, 0, NULL),
(91, 'dhana sekaran', '9791294151', 1, 3, 'static/images/profile-user.png', NULL, 0, 0, NULL),
(92, 'dharun', '6369973692', 1, 3, 'static/images/profile-user.png', NULL, 0, 0, NULL),
(94, 'fazith ahamed', ' 8122814281', 1, 3, 'static/images/profile-user.png', NULL, 0, 0, NULL),
(95, 'gayathri s k', '8248720502', 1, 3, 'static/images/profile-user.png', NULL, 0, 0, NULL),
(96, 'harenee', '8825931686', 1, 3, 'static/images/profile-user.png', NULL, 0, 0, NULL),
(97, 'hariharapriyan', '6380585652', 1, 3, 'static/images/profile-user.png', NULL, 0, 0, NULL),
(98, 'karthick', '9361086982', 1, 3, 'static/images/profile-user.png', NULL, 0, 0, NULL),
(99, 'kiruthika', '9360267344', 1, 3, 'static/images/profile-user.png', NULL, 0, 0, NULL),
(100, 'kishore', '8754170152', 1, 3, 'static/images/profile-user.png', NULL, 0, 0, NULL),
(101, 'madhubala d', '6369385479', 1, 3, 'static/images/profile-user.png', NULL, 0, 0, NULL),
(102, 'madhumitha', '6380409934', 1, 3, 'static/images/profile-user.png', NULL, 0, 0, NULL),
(103, 'manojkumarmuthukrishnan', '9597924004', 1, 3, 'static/images/profile-user.png', NULL, 0, 0, NULL),
(104, 'mohanram', '8012831283', 1, 3, 'static/images/profile-user.png', NULL, 0, 0, NULL),
(105, 'muralemanohar', '9087255537', 1, 3, 'static/images/profile-user.png', NULL, 0, 0, NULL),
(106, 'navinkumar', '7092567183', 1, 3, 'static/images/profile-user.png', NULL, 0, 0, NULL),
(107, 'palanikumar', '7708518636', 1, 3, 'static/images/profile-user.png', NULL, 0, 0, NULL),
(108, 'pranav', '7904324043', 1, 3, 'static/images/profile-user.png', NULL, 0, 0, NULL),
(109, 'prasanth', '6380100928', 1, 3, 'static/images/profile-user.png', NULL, 0, 0, NULL),
(110, 'prathaban m', '9789590770', 1, 3, 'static/images/profile-user.png', NULL, 0, 0, NULL),
(111, 'praveenraj k', '9788743604', 1, 3, 'static/images/profile-user.png', NULL, 0, 0, NULL),
(112, 'preethammeenaakshi', '9361317547', 1, 3, 'static/images/profile-user.png', NULL, 0, 0, NULL),
(113, 'preethi s p', '9943518911', 1, 3, 'static/images/profile-user.png', NULL, 0, 0, NULL),
(114, 'radha', '8903248902', 1, 3, 'static/images/profile-user.png', NULL, 0, 0, NULL),
(115, 'rajasridhar', '9360526010', 1, 3, 'static/images/profile-user.png', NULL, 0, 0, NULL),
(116, 'rakeshkumar', '8610628558', 1, 3, 'static/images/profile-user.png', NULL, 0, 0, NULL),
(117, 'roobini', '7639033227', 1, 3, 'static/images/profile-user.png', NULL, 0, 0, NULL),
(118, 'santhiyadevi', '8754886481', 1, 3, 'static/images/profile-user.png', NULL, 0, 0, NULL),
(119, 'saravanamurthi', '6385467150', 1, 3, 'static/images/profile-user.png', NULL, 0, 0, NULL),
(120, 'selvaraj', '8825277112', 1, 3, 'static/images/profile-user.png', NULL, 0, 0, NULL),
(121, 'senthil kumar', '9994168122', 1, 3, 'static/images/profile-user.png', NULL, 0, 0, NULL),
(122, 'shajith', '9150464544', 1, 3, 'static/images/profile-user.png', NULL, 0, 0, NULL),
(123, 'shamitha', '7598901813', 1, 3, 'static/images/profile-user.png', NULL, 0, 0, NULL),
(124, 'shanmugam', '9677276289', 1, 3, 'static/images/profile-user.png', NULL, 0, 0, NULL),
(125, 'shathyashri', '9361444892', 1, 3, 'static/images/profile-user.png', NULL, 0, 0, NULL),
(126, 'shriram s', '9384403707', 1, 3, 'static/images/profile-user.png', NULL, 0, 0, NULL),
(127, 'sibiganesh', '9487083572', 1, 3, 'static/images/profile-user.png', NULL, 0, 0, NULL),
(128, 'sivaranjani k', '9843093839', 1, 3, 'static/images/profile-user.png', NULL, 0, 0, NULL),
(129, 'sridhar', '9943699122', 1, 3, 'static/images/profile-user.png', NULL, 0, 0, NULL),
(130, 'thamil eniann', '9566788655', 1, 3, 'static/images/profile-user.png', NULL, 0, 0, NULL),
(131, 'vasanth s', '9360355998', 1, 3, 'static/images/profile-user.png', NULL, 0, 0, NULL),
(132, 'vibbin', '8925182025', 1, 3, 'static/images/profile-user.png', NULL, 0, 0, NULL),
(133, 'vigneshkumar r', '8608886255', 1, 3, 'static/images/profile-user.png', NULL, 0, 0, NULL),
(134, 'vishaal', '7339360863', 1, 3, 'static/images/profile-user.png', NULL, 0, 0, NULL),
(135, 'vishunu karthick m', '8667006762', 1, 3, 'static/images/profile-user.png', NULL, 0, 0, NULL),
(136, 'vishnupriya', '9789951486', 1, 3, 'static/images/profile-user.png', NULL, 0, 0, NULL),
(137, 'vishnuraj', '9566145373', 1, 3, 'static/images/profile-user.png', NULL, 0, 0, NULL),
(138, 'vishwanath', '9361145100', 1, 3, 'static/images/profile-user.png', NULL, 0, 0, NULL),
(139, 'AANCHAN NARAYANAN R', '9843080878', 1, 3, 'static/images/profile-user.png', NULL, 0, 0, NULL),
(140, 'abishek d k', '8056965697', 1, 3, 'static/images/profile-user.png', NULL, 0, 0, NULL),
(141, 'abitha', '9514417780', 1, 3, 'static/images/profile-user.png', NULL, 0, 0, NULL),
(142, 'annamalai', '9488251207', 1, 3, 'static/images/profile-user.png', NULL, 0, 0, NULL),
(143, 'anubharathy', '9629045585', 1, 3, 'static/images/profile-user.png', NULL, 0, 0, NULL),
(144, 'ashok', '8807113665', 1, 3, 'static/images/profile-user.png', NULL, 0, 0, NULL),
(145, 'azith kumar', '7358892911', 1, 3, 'static/images/profile-user.png', NULL, 0, 0, NULL),
(146, 'balasaravanan', '9442245216', 1, 3, 'static/images/profile-user.png', NULL, 0, 0, NULL),
(147, 'balajikrishna', '8300783005', 1, 3, 'static/images/profile-user.png', NULL, 0, 0, NULL),
(148, 'barath s', '9080718367', 1, 3, 'static/images/profile-user.png', NULL, 0, 0, NULL),
(149, 'bhagavathi', '9003926635', 1, 3, 'static/images/profile-user.png', NULL, 0, 0, NULL),
(150, 'bhagyalakshmi', '8637616942', 1, 3, 'static/images/profile-user.png', NULL, 0, 0, NULL),
(151, 'boopathy', '9952355553', 1, 3, 'static/images/profile-user.png', NULL, 0, 0, NULL),
(152, 'deepakraja', '8825655352', 1, 3, 'static/images/profile-user.png', NULL, 0, 0, NULL),
(153, 'hari', '9092236432', 1, 3, 'static/images/profile-user.png', NULL, 0, 0, NULL),
(154, 'harish t', '9894499173', 1, 3, 'static/images/profile-user.png', NULL, 0, 0, NULL),
(155, 'ijaas ahamed', '7598130128', 1, 3, 'static/images/profile-user.png', NULL, 0, 0, NULL),
(156, 'kamali n u', '9655977671', 1, 3, 'static/images/profile-user.png', NULL, 0, 0, NULL),
(157, 'karthikeyan m', '8903386524', 1, 3, 'static/images/profile-user.png', NULL, 0, 0, NULL),
(158, 'kenneth', '7540052733', 1, 3, 'static/images/profile-user.png', NULL, 0, 0, NULL),
(159, 'krupal', '7373750442', 1, 3, 'static/images/profile-user.png', NULL, 0, 0, NULL),
(160, 'lokeshkanna', '7010156310', 1, 3, 'static/images/profile-user.png', NULL, 0, 0, NULL),
(161, 'melvin', '9080728955', 1, 3, 'static/images/profile-user.png', NULL, 0, 0, NULL),
(162, 'muthupriya', '7339486625', 1, 3, 'static/images/profile-user.png', NULL, 0, 0, NULL),
(163, 'nagarjun', '7904390513', 1, 3, 'static/images/profile-user.png', NULL, 0, 0, NULL),
(164, 'nandhakumar', '7530063325', 1, 3, 'static/images/profile-user.png', NULL, 0, 0, NULL),
(165, 'parithipriyan', '9751348386', 1, 3, 'static/images/profile-user.png', NULL, 0, 0, NULL),
(166, 'prabhu s', '8428379288', 1, 3, 'static/images/profile-user.png', NULL, 0, 0, NULL),
(167, 'prabu m', '8668017530', 1, 3, 'static/images/profile-user.png', NULL, 0, 0, NULL),
(168, 'pratheesh', '9442994481', 1, 3, 'static/images/profile-user.png', NULL, 0, 0, NULL),
(169, 'prem kumar', '9487813524', 1, 3, 'static/images/profile-user.png', NULL, 0, 0, NULL),
(170, 'prithan', '8270666818', 1, 3, 'static/images/profile-user.png', NULL, 0, 0, NULL),
(171, 'raman', '9952790536', 1, 3, 'static/images/profile-user.png', NULL, 0, 0, NULL),
(172, 'ramanthan', '8667327284', 1, 3, 'static/images/profile-user.png', NULL, 0, 0, NULL),
(173, 'ramasamy', '9600464602', 1, 3, 'static/images/profile-user.png', NULL, 0, 0, NULL),
(174, 'ram kumar', '9843150729', 1, 3, 'static/images/profile-user.png', NULL, 0, 0, NULL),
(175, 'reshma', '8838392805', 1, 3, 'static/images/profile-user.png', NULL, 0, 0, NULL),
(176, 'rishikumar', '8778753869', 1, 3, 'static/images/profile-user.png', NULL, 0, 0, NULL),
(177, 'rishisriram', '9566464020', 1, 3, 'static/images/profile-user.png', NULL, 0, 0, NULL),
(178, 'riyazur', '6381132041', 1, 3, 'static/images/profile-user.png', NULL, 0, 0, NULL),
(179, 'sabari vengadesh', '8300881082', 1, 3, 'static/images/profile-user.png', NULL, 0, 0, NULL),
(180, 'santhoshsivan', '7397339857', 1, 3, 'static/images/profile-user.png', NULL, 0, 0, NULL),
(181, 'santhoshi', '8072993079', 1, 3, 'static/images/profile-user.png', NULL, 0, 0, NULL),
(182, 'sarveshwaran', '8098624238', 1, 3, 'static/images/profile-user.png', NULL, 0, 0, NULL),
(183, 'selvaganesh', '9962239709', 1, 3, 'static/images/profile-user.png', NULL, 0, 0, NULL),
(184, 'shreya', '9445604722', 1, 3, 'static/images/profile-user.png', NULL, 0, 0, NULL),
(185, 'shyamsundar', '7538835502', 1, 3, 'static/images/profile-user.png', NULL, 0, 0, NULL),
(186, 'sivakumar', '7402629657', 1, 3, 'static/images/profile-user.png', NULL, 0, 0, NULL),
(187, 'srinivas', '8248607808', 1, 3, 'static/images/profile-user.png', NULL, 0, 0, NULL),
(188, 'suryanarayanan', '9043098119', 1, 3, 'static/images/profile-user.png', NULL, 0, 0, NULL),
(189, 'sylesh', '7094260007', 1, 3, 'static/images/profile-user.png', NULL, 0, 0, NULL),
(190, 'thirumani', '8148745421', 1, 3, 'static/images/profile-user.png', NULL, 0, 0, NULL),
(191, 'vigneswaran', '7339647538', 1, 3, 'static/images/profile-user.png', NULL, 0, 0, NULL),
(192, 'vijay kumar', '9445165519', 1, 3, 'static/images/profile-user.png', NULL, 0, 0, NULL),
(193, 'vijay p', '9489969883', 1, 3, 'static/images/profile-user.png', NULL, 0, 0, NULL),
(194, 'vijaysaravana', '7639245009', 1, 3, 'static/images/profile-user.png', NULL, 0, 0, NULL),
(195, 'vijayviswanath', '8668036622', 1, 3, 'static/images/profile-user.png', NULL, 0, 0, NULL),
(196, 'vimalkrishnan', '8489953213', 1, 3, 'static/images/profile-user.png', NULL, 0, 0, NULL),
(197, 'vishnu', '9585418598', 1, 3, 'static/images/profile-user.png', NULL, 0, 0, NULL),
(198, 'vishnuvarthan', '8122528024', 1, 3, 'static/images/profile-user.png', NULL, 0, 0, NULL),
(199, 'viswass', '7667501504', 1, 3, 'static/images/profile-user.png', NULL, 0, 0, NULL),
(200, 'yogesh', '9486210793', 1, 3, 'static/images/profile-user.png', NULL, 0, 0, NULL),
(201, 'yuvaraja', '8072137402', 1, 3, 'static/images/profile-user.png', NULL, 0, 0, NULL),
(202, 'abishek t', '6382495313', 1, 3, 'static/images/profile-user.png', NULL, 0, 0, NULL),
(203, 'Aakash.K', '7558190328', 1, 3, 'static/images/profile-user.png', NULL, 0, 0, NULL),
(204, 'Abinaya sri g s', '9245819032', 1, 3, 'static/images/profile-user.png', NULL, 0, 0, NULL),
(205, 'Amrith', '6379684989', 1, 3, 'static/images/profile-user.png', NULL, 0, 0, NULL),
(206, 'APRAKKETH P D M', '9994115577', 1, 3, 'static/images/profile-user.png', NULL, 0, 0, NULL),
(207, 'Arishwa. M', '9597868082', 1, 3, 'static/images/profile-user.png', NULL, 0, 0, NULL),
(208, 'ashokbharathi', '7092453800', 1, 3, 'static/images/profile-user.png', NULL, 0, 0, NULL),
(209, 'Ashwin renald', '7339555687', 1, 3, 'static/images/profile-user.png', NULL, 0, 0, NULL),
(210, 'babuprasad', '9566825051', 1, 3, 'static/images/profile-user.png', NULL, 0, 0, NULL),
(211, 'balachandar p', '6383030803', 1, 3, 'static/images/profile-user.png', NULL, 0, 0, NULL),
(212, 'brindha k', '9791440067', 1, 3, 'static/images/profile-user.png', NULL, 0, 0, NULL),
(213, 'deepak r', '9710080116', 1, 3, 'static/images/profile-user.png', NULL, 0, 0, NULL),
(214, 'deepihashini', '9361647192', 1, 3, 'static/images/profile-user.png', NULL, 0, 0, NULL),
(215, 'devaprasad', '9843357530', 1, 3, 'static/images/profile-user.png', NULL, 0, 0, NULL),
(216, 'ekanthan p', '9486829685', 1, 3, 'static/images/profile-user.png', NULL, 0, 0, NULL),
(217, 'sharanya', '8754214308', 1, 3, 'static/images/profile-user.png', NULL, 0, 0, NULL),
(218, 'suregha', '9025821717', 1, 3, 'static/images/profile-user.png', NULL, 0, 0, NULL),
(219, 'gideon', '9942331188', 1, 3, 'static/images/profile-user.png', NULL, 0, 0, NULL),
(220, 'deepakrajan', '6369216066', 1, 3, 'static/images/profile-user.png', NULL, 0, 0, NULL),
(221, 'gopi', '9943134010', 1, 3, 'static/images/profile-user.png', NULL, 0, 0, NULL),
(222, 'harishsubramanian', '6381668399', 1, 3, 'static/images/profile-user.png', NULL, 0, 0, NULL),
(223, 'haritha', '9942188585', 1, 3, 'static/images/profile-user.png', NULL, 0, 0, NULL),
(224, 'Ilamthendral R', '7094837175', 1, 3, 'static/images/profile-user.png', NULL, 0, 0, NULL),
(225, 'nithinkrishna', '9042358355', 1, 3, 'static/images/profile-user.png', NULL, 0, 0, NULL),
(226, 'jaysree', '7904729438', 1, 3, 'static/images/profile-user.png', NULL, 0, 0, NULL),
(227, 'jersonj', '9790415268', 1, 3, 'static/images/profile-user.png', NULL, 0, 0, NULL),
(228, 'Jeyaprasath', '7397010320', 1, 3, 'static/images/profile-user.png', NULL, 0, 0, NULL),
(229, 'lakshminarayanan', '9600550935', 1, 3, 'static/images/profile-user.png', NULL, 0, 0, NULL),
(230, 'keerthivarman', '9361435348', 1, 3, 'static/images/profile-user.png', NULL, 0, 0, NULL),
(231, 'rkishore', '9360976161', 1, 3, 'static/images/profile-user.png', NULL, 0, 0, NULL),
(232, 'aishwaryakjv', '7305705570', 1, 3, 'static/images/profile-user.png', NULL, 0, 0, NULL),
(233, 'kurinjitha', '6381986866', 1, 3, 'static/images/profile-user.png', NULL, 0, 0, NULL),
(234, 'lowkeshwari', '9629203145', 1, 3, 'static/images/profile-user.png', NULL, 0, 0, NULL),
(235, 'mohammedismail', '8056516244', 1, 3, 'static/images/profile-user.png', NULL, 0, 0, NULL),
(236, 'muthaiah', '8754935992', 1, 3, 'static/images/profile-user.png', NULL, 0, 0, NULL),
(237, 'naggaraaja', '9443918040', 1, 3, 'static/images/profile-user.png', NULL, 0, 0, NULL),
(238, 'naagaraajan', '9445188739', 1, 3, 'static/images/profile-user.png', NULL, 0, 0, NULL),
(239, 'narendransp', '8148108099', 1, 3, 'static/images/profile-user.png', NULL, 0, 0, NULL),
(240, 'naveenraju', '6380035538', 1, 3, 'static/images/profile-user.png', NULL, 0, 0, NULL),
(241, 'ramsabarish', '8248543623', 1, 3, 'static/images/profile-user.png', NULL, 0, 0, NULL),
(242, 'rishikesshavjs', '9443563989', 1, 3, 'static/images/profile-user.png', NULL, 0, 0, NULL),
(243, 'rishtaa', '7708099070', 1, 3, 'static/images/profile-user.png', NULL, 0, 0, NULL),
(244, 'tamilarasans', '6381849184', 1, 3, 'static/images/profile-user.png', NULL, 0, 0, NULL),
(245, 'sabrina', '9943128269', 1, 3, 'static/images/profile-user.png', NULL, 0, 0, NULL),
(246, 'sriharim', '9940865765', 1, 3, 'static/images/profile-user.png', NULL, 0, 0, NULL),
(247, 'srivatsav', '9943171536', 1, 3, 'static/images/profile-user.png', NULL, 0, 0, NULL),
(248, 'nikesh', '7695881508', 1, 3, 'static/images/profile-user.png', NULL, 0, 0, NULL),
(249, 'gowtham v', '6385747711', 1, 3, 'static/images/profile-user.png', NULL, 0, 0, NULL),
(250, 'vvetrivel', '9025960803', 1, 3, 'static/images/profile-user.png', NULL, 0, 0, NULL),
(251, 'Venkatakishore', '9443929615', 1, 3, 'static/images/profile-user.png', NULL, 0, 0, NULL),
(252, 'rishwana', '8675550000', 1, 3, 'static/images/profile-user.png', NULL, 2022, 2018, NULL),
(254, 'Sam prakash', '6385812669', 1, 3, 'static/images/profile-user.png', NULL, 2022, 2018, NULL),
(256, 'AADHAVAN P', '6380287414', 1, 3, 'static/images/profile-user.png', NULL, 2025, 2021, NULL),
(257, 'ABDULFARITH R A', '9788693020', 1, 3, 'static/images/profile-user.png', NULL, 2025, 2021, NULL),
(258, 'AISHWARYA M', '9500376599', 1, 3, 'static/images/profile-user.png', NULL, 2025, 2021, NULL),
(259, 'ALAGU PARIKSIT A', '8838384993', 1, 3, 'static/images/profile-user.png', NULL, 2025, 2021, NULL),
(260, 'ANGURAJ S', '6369279606', 1, 3, 'static/images/profile-user.png', NULL, 2025, 2021, NULL),
(261, 'BALAJI R', '9361440933', 1, 3, 'static/images/profile-user.png', NULL, 2025, 2021, NULL),
(262, 'BALAJI PRABHU S', '7397549566', 1, 3, 'static/images/profile-user.png', NULL, 2025, 2021, NULL),
(263, 'BOOBALAN KARTHICK A', '8637660368', 1, 3, 'static/images/profile-user.png', NULL, 2025, 2021, NULL),
(264, 'CIBHIRAM R', '9994525365', 1, 3, 'static/images/profile-user.png', NULL, 2025, 2021, NULL),
(265, 'DEVIKA C G ', '8778020798', 1, 3, 'static/images/profile-user.png', NULL, 2025, 2021, NULL),
(266, 'DHANUSH KUMAR S', '9944102642', 1, 3, 'static/images/profile-user.png', NULL, 2025, 2021, NULL),
(267, 'DHARANESWARAN S U', '8489868968', 1, 3, 'static/images/profile-user.png', NULL, 2025, 2021, NULL),
(268, 'DIVYA VASANTHA SENA S', '9790299828', 1, 3, 'static/images/profile-user.png', NULL, 2025, 2021, NULL),
(269, 'GAYATHRI SRINIDHI K', '8438064637', 1, 3, 'static/images/profile-user.png', NULL, 2025, 2021, NULL),
(270, 'GUHAN S', '8903926062', 1, 3, 'static/images/profile-user.png', NULL, 2025, 2021, NULL),
(271, 'HARI P', '9488308473', 1, 3, 'static/images/profile-user.png', NULL, 2025, 2021, NULL),
(272, 'HARINI KARTHIKA A ', '8056746586', 1, 3, 'static/images/profile-user.png', NULL, 2025, 2021, NULL),
(273, 'HARIPRASAD.M', '9790331716', 1, 3, 'static/images/profile-user.png', NULL, 2025, 2021, NULL),
(274, 'HEMANTH KUMAR R', '6380582011', 1, 3, 'static/images/profile-user.png', NULL, 2025, 2021, NULL),
(275, 'HEMRAJ N.H', '7449124095', 1, 3, 'static/images/profile-user.png', NULL, 2025, 2021, NULL),
(276, 'JASWANTH REDDY T', '7799022345', 1, 3, 'static/images/profile-user.png', NULL, 2025, 2021, NULL),
(277, 'JESHURAN CORNELIUS K S R', '6383439118', 1, 3, 'static/images/profile-user.png', NULL, 2025, 2021, NULL),
(278, 'KESSAVARAM S', '7395883610', 1, 3, 'static/images/profile-user.png', NULL, 2025, 2021, NULL),
(279, 'LOGESH S', '9442556713', 1, 3, 'static/images/profile-user.png', NULL, 2025, 2021, NULL),
(280, 'LOGESHWARAN R', '9500634740', 1, 3, 'static/images/profile-user.png', NULL, 2025, 2021, NULL),
(281, 'MOHAMED ASHWAQUE NOOR MOHAMED', '9043118862', 1, 3, 'static/images/profile-user.png', NULL, 2025, 2021, NULL),
(282, 'MUKESH S', '8778448203', 1, 3, 'static/images/profile-user.png', NULL, 2025, 2021, NULL),
(283, 'NEELGATS V', '8124847614', 1, 3, 'static/images/profile-user.png', NULL, 2025, 2021, NULL),
(284, 'PRAGATHESWARAN M', '7695971848', 1, 3, 'static/images/profile-user.png', NULL, 2025, 2021, NULL),
(285, 'PRATHIKSHA B ', '9345841990', 1, 3, 'static/images/profile-user.png', NULL, 2025, 2021, NULL),
(286, 'RAJESHWARI M R', '9080514157', 1, 3, 'static/images/profile-user.png', NULL, 2025, 2021, NULL),
(287, 'RAKESH.VM ', '8903258061', 1, 3, 'static/images/profile-user.png', NULL, 2025, 2021, NULL),
(288, 'RAMASUBRAMANIAN M ', '8825623449', 1, 3, 'static/images/profile-user.png', NULL, 2025, 2021, NULL),
(289, 'RESHMA EVANGELIN A', '9442040620', 1, 3, 'static/images/profile-user.png', NULL, 2025, 2021, NULL),
(290, 'RISHENATH E', '9080203696', 1, 3, 'static/images/profile-user.png', NULL, 2025, 2021, NULL),
(291, 'RISHIVEL R ', '9842941677', 1, 3, 'static/images/profile-user.png', NULL, 2025, 2021, NULL),
(292, 'SAARATHI S', '6369977989', 1, 3, 'static/images/profile-user.png', NULL, 2025, 2021, NULL),
(293, 'SANJAI MAHESWAR M', '8248826837', 1, 3, 'static/images/profile-user.png', NULL, 2025, 2021, NULL),
(294, 'SANJAY B', '9524960577', 1, 3, 'static/images/profile-user.png', NULL, 2025, 2021, NULL),
(295, 'SARVESHWARAN S', '9443160092', 1, 3, 'static/images/profile-user.png', NULL, 2025, 2021, NULL),
(296, 'SATHISH KUMAR M', '8015619632', 1, 3, 'static/images/profile-user.png', NULL, 2025, 2021, NULL),
(297, 'SESH DEVANANDH K.J.R', '8072125948', 1, 3, 'static/images/profile-user.png', NULL, 2025, 2021, NULL),
(298, 'SHANMUGA SKANDA RAJAN S', '9790648780', 1, 3, 'static/images/profile-user.png', NULL, 2025, 2021, NULL),
(299, 'M.SREENIDHI KAMALAM', '9789815674', 1, 3, 'static/images/profile-user.png', NULL, 2025, 2021, NULL),
(300, 'SRI KRISHNASAMY S', '9384548633', 1, 3, 'static/images/profile-user.png', NULL, 2025, 2021, NULL),
(301, 'SRI ROOPHIKA NS', '9488551435', 1, 3, 'static/images/profile-user.png', NULL, 2025, 2021, NULL),
(302, 'SURIYA PAVITHRA J. S', '8015030488', 1, 3, 'static/images/profile-user.png', NULL, 2025, 2021, NULL),
(303, 'SURIYAPRAKASH T M', '9361291690', 1, 3, 'static/images/profile-user.png', NULL, 2025, 2021, NULL),
(304, 'SUSENDHRA. S', '9894511970', 1, 3, 'static/images/profile-user.png', NULL, 2025, 2021, NULL),
(305, 'SWARNIKA  V', '9345634833', 1, 3, 'static/images/profile-user.png', NULL, 2025, 2021, NULL),
(306, 'SWETHA S', '8754562428', 1, 3, 'static/images/profile-user.png', NULL, 2025, 2021, NULL),
(307, 'THANGA TAMIL SELVAN T ', '9385875646', 1, 3, 'static/images/profile-user.png', NULL, 2025, 2021, NULL),
(308, 'VEERAMOTHINATH M', '9952167793', 1, 3, 'static/images/profile-user.png', NULL, 2025, 2021, NULL),
(309, 'VETRI SELVAN G K', '8940614962', 1, 3, 'static/images/profile-user.png', NULL, 2025, 2021, NULL),
(310, 'VETRIVINAYAGAN S', '8870387901', 1, 3, 'static/images/profile-user.png', NULL, 2025, 2021, NULL),
(311, 'MARUTHA SHRI M G ', '9751273938', 1, 3, 'static/images/profile-user.png', NULL, 2025, 2021, NULL),
(312, 'JAYARAJ R ', '8925479407', 1, 3, 'static/images/profile-user.png', NULL, 2025, 2021, NULL),
(313, 'HARSHAVARDHAN I', '9043209139', 1, 3, 'static/images/profile-user.png', NULL, 2025, 2021, NULL),
(314, 'VISHWA.M', '9384917559', 1, 3, 'static/images/profile-user.png', NULL, 2025, 2021, NULL),
(315, 'RAJASEKAR R', '9159986928', 1, 3, 'static/images/profile-user.png', NULL, 2025, 2021, NULL);

-- --------------------------------------------------------

--
-- Table structure for table `mectworkplace_certificate_details`
--

CREATE TABLE `mectworkplace_certificate_details` (
  `id` int(11) NOT NULL,
  `userid` int(11) NOT NULL,
  `name` varchar(50) NOT NULL,
  `regno` varchar(50) NOT NULL,
  `startdate` varchar(50) NOT NULL,
  `enddate` varchar(50) NOT NULL,
  `eventtype` varchar(50) NOT NULL,
  `eventname` varchar(50) NOT NULL,
  `eventdays` int(11) NOT NULL,
  `location` varchar(100) NOT NULL
) ENGINE=InnoDB DEFAULT CHARSET=utf8mb4;

-- --------------------------------------------------------

--
-- Table structure for table `mectworkplace_comment`
--

CREATE TABLE `mectworkplace_comment` (
  `id` int(11) NOT NULL,
  `postid` int(11) NOT NULL,
  `userid` int(11) NOT NULL,
  `commentdata` varchar(200) DEFAULT NULL,
  `commenttime` varchar(35) DEFAULT NULL
) ENGINE=InnoDB DEFAULT CHARSET=utf8mb4;

-- --------------------------------------------------------

--
-- Table structure for table `mectworkplace_darkmode`
--

CREATE TABLE `mectworkplace_darkmode` (
  `id` int(11) NOT NULL,
  `userid` int(11) NOT NULL,
  `dark` int(11) NOT NULL
) ENGINE=InnoDB DEFAULT CHARSET=utf8mb4;

--
-- Dumping data for table `mectworkplace_darkmode`
--

INSERT INTO `mectworkplace_darkmode` (`id`, `userid`, `dark`) VALUES
(1, 1, 0),
(2, 2, 0),
(3, 3, 0),
(4, 4, 1),
(5, 5, 0),
(6, 6, 0),
(7, 7, 0),
(8, 8, 0),
(9, 10, 0),
(10, 11, 0),
(11, 12, 0),
(12, 13, 0),
(13, 14, 0),
(14, 14, 0),
(15, 15, 0),
(16, 16, 0),
(17, 17, 0),
(18, 18, 0),
(19, 19, 0),
(20, 20, 0),
(21, 21, 0),
(22, 22, 0),
(23, 23, 0),
(24, 24, 0),
(25, 25, 0),
(26, 26, 0),
(27, 27, 0),
(28, 28, 0),
(29, 29, 0),
(30, 30, 0),
(31, 31, 0),
(32, 32, 0),
(33, 33, 0),
(34, 34, 0),
(35, 35, 0),
(36, 36, 0),
(37, 37, 0),
(38, 38, 0),
(39, 39, 0),
(40, 40, 0),
(41, 41, 0),
(42, 42, 0),
(43, 43, 0),
(44, 44, 0),
(45, 45, 0),
(46, 46, 0),
(47, 47, 0),
(48, 48, 0),
(49, 49, 0),
(50, 50, 0),
(51, 51, 0),
(52, 52, 0),
(53, 53, 0),
(54, 54, 0),
(55, 55, 0),
(56, 56, 0),
(57, 57, 0),
(58, 58, 1),
(59, 59, 0),
(60, 60, 0),
(61, 61, 0),
(62, 62, 0),
(63, 63, 0),
(64, 64, 0),
(65, 65, 0),
(66, 66, 1),
(67, 67, 0),
(68, 68, 0),
(69, 69, 0),
(70, 70, 0),
(71, 71, 0),
(72, 72, 0),
(73, 73, 0),
(74, 74, 0),
(75, 75, 0),
(76, 76, 0),
(77, 77, 0),
(78, 78, 0),
(79, 79, 0),
(80, 80, 0),
(81, 81, 0),
(82, 82, 0),
(83, 83, 0),
(84, 84, 0),
(85, 85, 0),
(86, 86, 0),
(100, 87, 0),
(101, 88, 0),
(102, 89, 0),
(103, 90, 0),
(104, 91, 0),
(105, 92, 0),
(106, 94, 0),
(107, 95, 0),
(108, 96, 0),
(109, 97, 0),
(110, 98, 0),
(111, 99, 0),
(112, 100, 0),
(113, 101, 0),
(114, 102, 0),
(115, 103, 0),
(116, 104, 0),
(117, 105, 0),
(118, 106, 0),
(119, 107, 0),
(120, 108, 0),
(121, 109, 0),
(122, 110, 0),
(123, 111, 0),
(124, 112, 0),
(125, 113, 0),
(126, 114, 0),
(127, 115, 0),
(128, 116, 0),
(129, 117, 0),
(130, 118, 0),
(131, 119, 0),
(132, 120, 0),
(133, 121, 0),
(134, 122, 0),
(135, 123, 0),
(136, 124, 0),
(137, 125, 0),
(138, 126, 0),
(139, 127, 0),
(140, 128, 0),
(141, 129, 0),
(142, 130, 0),
(143, 131, 0),
(144, 132, 0),
(145, 133, 0),
(146, 134, 0),
(147, 135, 0),
(148, 136, 0),
(149, 137, 0),
(150, 138, 0),
(151, 139, 0),
(152, 140, 0),
(153, 141, 0),
(154, 142, 0),
(155, 143, 0),
(156, 144, 0),
(157, 145, 0),
(158, 146, 0),
(159, 147, 0),
(160, 148, 0),
(161, 149, 0),
(162, 150, 0),
(163, 151, 0),
(164, 152, 0),
(165, 153, 0),
(166, 154, 0),
(167, 155, 0),
(168, 156, 0),
(169, 157, 0),
(170, 158, 0),
(171, 159, 0),
(172, 160, 0),
(173, 161, 0),
(174, 162, 0),
(175, 163, 0),
(176, 164, 0),
(177, 165, 0),
(178, 166, 0),
(179, 167, 0),
(180, 168, 0),
(181, 169, 0),
(182, 170, 0),
(183, 171, 0),
(184, 172, 0),
(185, 173, 0),
(186, 174, 0),
(187, 175, 0),
(188, 176, 0),
(189, 177, 0),
(190, 178, 0),
(191, 179, 0),
(192, 180, 0),
(193, 181, 0),
(194, 182, 0),
(195, 183, 0),
(196, 184, 0),
(197, 185, 0),
(198, 186, 0),
(199, 187, 0),
(200, 188, 0),
(201, 189, 0),
(202, 190, 0),
(203, 191, 0),
(204, 192, 0),
(205, 193, 0),
(206, 194, 0),
(207, 195, 0),
(208, 196, 0),
(209, 197, 0),
(210, 198, 0),
(211, 199, 0),
(212, 200, 0),
(213, 201, 0),
(214, 202, 0),
(215, 203, 0),
(216, 204, 0),
(217, 205, 0),
(218, 206, 0),
(219, 207, 0),
(220, 208, 0),
(221, 209, 0),
(222, 210, 0),
(223, 211, 0),
(224, 212, 0),
(225, 213, 0),
(226, 214, 0),
(227, 215, 0),
(228, 216, 0),
(229, 217, 0),
(230, 218, 0),
(231, 219, 0),
(232, 220, 0),
(233, 221, 0),
(234, 222, 0),
(235, 223, 0),
(236, 224, 0),
(237, 225, 0),
(238, 226, 0),
(239, 227, 0),
(240, 228, 0),
(241, 229, 0),
(242, 230, 0),
(243, 231, 0),
(244, 232, 0),
(245, 233, 0),
(246, 234, 0),
(247, 235, 0),
(248, 236, 0),
(249, 237, 0),
(250, 238, 0),
(251, 238, 0),
(252, 239, 0),
(253, 240, 0),
(254, 241, 0),
(255, 242, 0),
(256, 243, 0),
(257, 244, 0),
(258, 245, 0),
(259, 246, 0),
(260, 247, 0),
(261, 248, 0),
(262, 249, 0),
(263, 250, 0),
(264, 251, 0),
(265, 252, 0),
(266, 254, 0),
(267, 254, 0),
(268, 256, 0),
(269, 257, 0),
(270, 258, 0),
(271, 259, 0),
(272, 260, 0),
(273, 261, 0),
(274, 262, 0),
(275, 263, 0),
(276, 264, 0),
(277, 265, 0),
(278, 266, 0),
(279, 267, 0),
(280, 268, 0),
(281, 269, 0),
(282, 270, 0),
(283, 271, 0),
(284, 272, 0),
(285, 273, 0),
(286, 274, 0),
(287, 275, 0),
(288, 276, 0),
(289, 277, 0),
(290, 278, 0),
(291, 279, 0),
(292, 280, 0),
(293, 281, 0),
(294, 282, 0),
(295, 283, 0),
(296, 284, 0),
(297, 285, 0),
(298, 286, 0),
(299, 287, 0),
(300, 288, 0),
(301, 289, 0),
(302, 290, 0),
(303, 291, 0),
(304, 292, 0),
(305, 293, 0),
(306, 294, 0),
(307, 295, 0),
(308, 296, 0),
(309, 297, 0),
(310, 298, 0),
(311, 299, 0),
(312, 300, 0),
(313, 301, 0),
(314, 302, 0),
(315, 303, 0),
(316, 304, 0),
(317, 305, 0),
(318, 306, 0),
(319, 307, 0),
(320, 308, 0),
(321, 309, 0),
(322, 310, 0),
(323, 311, 0),
(324, 312, 0),
(325, 313, 0),
(326, 314, 0),
(327, 315, 0);

-- --------------------------------------------------------

--
-- Table structure for table `mectworkplace_eventqueries`
--

CREATE TABLE `mectworkplace_eventqueries` (
  `id` int(11) NOT NULL,
  `eventid` int(11) NOT NULL,
  `query` varchar(600) NOT NULL,
  `postedby` int(11) NOT NULL,
  `respondedby` int(11) DEFAULT NULL,
  `response` varchar(1000) DEFAULT NULL
) ENGINE=InnoDB DEFAULT CHARSET=utf8mb4;

-- --------------------------------------------------------

--
-- Table structure for table `mectworkplace_events`
--

CREATE TABLE `mectworkplace_events` (
  `eventid` int(11) NOT NULL,
  `eventname` varchar(100) NOT NULL,
  `eventpic` varchar(50) DEFAULT NULL,
  `description` varchar(500) DEFAULT NULL,
  `participants_per_team` int(11) NOT NULL,
  `posterpic` varchar(50) DEFAULT NULL,
  `eventdate` varchar(50) DEFAULT NULL,
  `scheduletype` int(11) NOT NULL,
  `eventtype` int(11) NOT NULL,
  `eventenddate` varchar(50) DEFAULT NULL
) ENGINE=InnoDB DEFAULT CHARSET=utf8mb4;

-- --------------------------------------------------------

--
-- Table structure for table `mectworkplace_eventupdate`
--

CREATE TABLE `mectworkplace_eventupdate` (
  `id` int(11) NOT NULL,
  `eventid` int(11) NOT NULL,
  `postedon` varchar(25) DEFAULT NULL,
  `imgdata` varchar(100) DEFAULT NULL,
  `eventmessage` varchar(1000) DEFAULT NULL,
  `userid` int(11) NOT NULL
) ENGINE=InnoDB DEFAULT CHARSET=utf8mb4;

-- --------------------------------------------------------

--
-- Table structure for table `mectworkplace_fcmdata`
--

CREATE TABLE `mectworkplace_fcmdata` (
  `id` int(11) NOT NULL,
  `userid` int(11) NOT NULL,
  `fcmtoken` varchar(200) DEFAULT NULL,
  `topics_subscribed` varchar(100) DEFAULT NULL,
  `time_sub` varchar(50) DEFAULT NULL
) ENGINE=InnoDB DEFAULT CHARSET=utf8mb4;

-- --------------------------------------------------------

--
-- Table structure for table `mectworkplace_followers_group`
--

CREATE TABLE `mectworkplace_followers_group` (
  `id` int(11) NOT NULL,
  `userid` int(11) NOT NULL,
  `groupid` int(11) NOT NULL
) ENGINE=InnoDB DEFAULT CHARSET=utf8mb4;

-- --------------------------------------------------------

--
-- Table structure for table `mectworkplace_followers_people`
--

CREATE TABLE `mectworkplace_followers_people` (
  `id` int(11) NOT NULL,
  `id_to_follow` int(11) NOT NULL,
  `id_follow` int(11) NOT NULL
) ENGINE=InnoDB DEFAULT CHARSET=utf8mb4;

-- --------------------------------------------------------

--
-- Table structure for table `mectworkplace_group`
--

CREATE TABLE `mectworkplace_group` (
  `groupid` int(11) NOT NULL,
  `adminid` int(11) NOT NULL,
  `groupname` varchar(45) NOT NULL,
  `groupdp` varchar(100) DEFAULT NULL
) ENGINE=InnoDB DEFAULT CHARSET=utf8mb4;

--
-- Dumping data for table `mectworkplace_group`
--

INSERT INTO `mectworkplace_group` (`groupid`, `adminid`, `groupname`, `groupdp`) VALUES
(1, 0, 'MECT-General', 'static/group/MECT - General.png'),
(3, 0, 'Tutor Ward', 'static/group/Tutor Ward.png');

-- --------------------------------------------------------

--
-- Table structure for table `mectworkplace_like`
--

CREATE TABLE `mectworkplace_like` (
  `id` int(11) NOT NULL,
  `postid` int(11) NOT NULL,
  `userid` int(11) NOT NULL,
  `liketime` varchar(35) DEFAULT NULL
) ENGINE=InnoDB DEFAULT CHARSET=utf8mb4;

-- --------------------------------------------------------

--
-- Table structure for table `mectworkplace_logout`
--

CREATE TABLE `mectworkplace_logout` (
  `id` int(11) NOT NULL,
  `userid` int(11) NOT NULL,
  `lflag` int(11) NOT NULL
) ENGINE=InnoDB DEFAULT CHARSET=utf8mb4;

--
-- Dumping data for table `mectworkplace_logout`
--

INSERT INTO `mectworkplace_logout` (`id`, `userid`, `lflag`) VALUES
(1, 1, 0),
(2, 2, 1),
(3, 3, 1),
(4, 4, 0),
(5, 5, 1),
(6, 6, 1),
(7, 7, 1),
(8, 8, 1),
(9, 10, 1),
(10, 11, 1),
(11, 12, 1),
(12, 13, 1),
(13, 14, 1),
(14, 14, 1),
(15, 15, 1),
(16, 16, 1),
(17, 17, 1),
(18, 18, 1),
(19, 19, 1),
(20, 20, 1),
(21, 21, 1),
(22, 22, 1),
(23, 23, 1),
(24, 24, 1),
(25, 25, 1),
(26, 26, 1),
(27, 27, 1),
(28, 28, 1),
(29, 29, 1),
(30, 30, 1),
(31, 31, 1),
(32, 32, 1),
(33, 33, 1),
(34, 34, 1),
(35, 35, 1),
(36, 36, 1),
(37, 37, 1),
(38, 38, 1),
(39, 39, 1),
(40, 40, 1),
(41, 41, 1),
(42, 42, 1),
(43, 43, 1),
(44, 44, 1),
(45, 45, 1),
(46, 46, 1),
(47, 47, 1),
(48, 48, 1),
(49, 49, 1),
(50, 50, 1),
(51, 51, 1),
(52, 52, 1),
(53, 53, 1),
(54, 54, 1),
(55, 55, 1),
(56, 56, 1),
(57, 57, 1),
(58, 58, 0),
(59, 59, 1),
(60, 60, 1),
(61, 61, 1),
(62, 62, 1),
(63, 63, 1),
(64, 64, 1),
(65, 65, 1),
(66, 66, 1),
(67, 67, 1),
(68, 68, 1),
(69, 69, 1),
(70, 70, 1),
(71, 71, 1),
(72, 72, 1),
(73, 73, 1),
(74, 74, 1),
(75, 75, 1),
(76, 76, 1),
(77, 77, 1),
(78, 78, 1),
(79, 79, 1),
(80, 80, 1),
(81, 81, 1),
(82, 82, 1),
(83, 83, 1),
(84, 84, 1),
(85, 85, 1),
(86, 86, 1),
(100, 87, 1),
(101, 88, 1),
(102, 89, 1),
(103, 90, 1),
(104, 91, 1),
(105, 92, 1),
(106, 94, 1),
(107, 95, 1),
(108, 96, 1),
(109, 97, 1),
(110, 98, 1),
(111, 99, 1),
(112, 100, 1),
(113, 101, 1),
(114, 102, 1),
(115, 103, 1),
(116, 104, 1),
(117, 105, 1),
(118, 106, 1),
(119, 107, 1),
(120, 108, 1),
(121, 109, 1),
(122, 110, 1),
(123, 111, 1),
(124, 112, 1),
(125, 113, 1),
(126, 114, 1),
(127, 115, 1),
(128, 116, 1),
(129, 117, 1),
(130, 118, 1),
(131, 119, 1),
(132, 120, 1),
(133, 121, 1),
(134, 122, 1),
(135, 123, 1),
(136, 124, 1),
(137, 125, 1),
(138, 126, 1),
(139, 127, 1),
(140, 128, 1),
(141, 129, 1),
(142, 130, 1),
(143, 131, 1),
(144, 132, 1),
(145, 133, 1),
(146, 134, 1),
(147, 135, 1),
(148, 136, 1),
(149, 137, 1),
(150, 138, 1),
(151, 139, 1),
(152, 140, 1),
(153, 141, 1),
(154, 142, 1),
(155, 143, 1),
(156, 144, 1),
(157, 145, 1),
(158, 146, 1),
(159, 147, 1),
(160, 148, 1),
(161, 149, 1),
(162, 150, 1),
(163, 151, 1),
(164, 152, 1),
(165, 153, 1),
(166, 154, 1),
(167, 155, 1),
(168, 156, 1),
(169, 157, 1),
(170, 158, 1),
(171, 159, 1),
(172, 160, 1),
(173, 161, 1),
(174, 162, 1),
(175, 163, 1),
(176, 164, 1),
(177, 165, 1),
(178, 166, 1),
(179, 167, 1),
(180, 168, 1),
(181, 169, 1),
(182, 170, 1),
(183, 171, 1),
(184, 172, 1),
(185, 173, 1),
(186, 174, 1),
(187, 175, 1),
(188, 176, 1),
(189, 177, 1),
(190, 178, 1),
(191, 179, 1),
(192, 180, 1),
(193, 181, 1),
(194, 182, 1),
(195, 183, 1),
(196, 184, 1),
(197, 185, 1),
(198, 186, 1),
(199, 187, 1),
(200, 188, 1),
(201, 189, 1),
(202, 190, 1),
(203, 191, 1),
(204, 192, 1),
(205, 193, 1),
(206, 194, 1),
(207, 195, 1),
(208, 196, 1),
(209, 197, 1),
(210, 198, 1),
(211, 199, 1),
(212, 200, 1),
(213, 201, 1),
(214, 202, 1),
(215, 203, 1),
(216, 204, 1),
(217, 205, 1),
(218, 206, 1),
(219, 207, 1),
(220, 208, 1),
(221, 209, 1),
(222, 210, 1),
(223, 211, 1),
(224, 212, 1),
(225, 213, 1),
(226, 214, 1),
(227, 215, 1),
(228, 216, 1),
(229, 217, 1),
(230, 218, 1),
(231, 219, 1),
(232, 220, 1),
(233, 221, 1),
(234, 222, 1),
(235, 223, 1),
(236, 224, 1),
(237, 225, 1),
(238, 226, 1),
(239, 227, 1),
(240, 228, 1),
(241, 229, 1),
(242, 230, 1),
(243, 231, 1),
(244, 232, 1),
(245, 233, 1),
(246, 234, 1),
(247, 235, 1),
(248, 236, 1),
(249, 237, 1),
(250, 238, 1),
(251, 238, 1),
(252, 239, 1),
(253, 240, 1),
(254, 241, 1),
(255, 242, 1),
(256, 243, 1),
(257, 244, 1),
(258, 245, 1),
(259, 246, 1),
(260, 247, 1),
(261, 248, 1),
(262, 249, 1),
(263, 250, 1),
(264, 251, 1),
(265, 252, 1),
(266, 254, 0),
(267, 254, 0),
(268, 256, 1),
(269, 257, 1),
(270, 258, 1),
(271, 259, 1),
(272, 260, 1),
(273, 261, 1),
(274, 262, 1),
(275, 263, 1),
(276, 264, 1),
(277, 265, 1),
(278, 266, 1),
(279, 267, 1),
(280, 268, 1),
(281, 269, 1),
(282, 270, 1),
(283, 271, 1),
(284, 272, 1),
(285, 273, 1),
(286, 274, 1),
(287, 275, 1),
(288, 276, 1),
(289, 277, 1),
(290, 278, 1),
(291, 279, 1),
(292, 280, 1),
(293, 281, 1),
(294, 282, 1),
(295, 283, 1),
(296, 284, 1),
(297, 285, 1),
(298, 286, 1),
(299, 287, 1),
(300, 288, 1),
(301, 289, 1),
(302, 290, 1),
(303, 291, 1),
(304, 292, 1),
(305, 293, 1),
(306, 294, 1),
(307, 295, 1),
(308, 296, 1),
(309, 297, 1),
(310, 298, 1),
(311, 299, 1),
(312, 300, 1),
(313, 301, 1),
(314, 302, 1),
(315, 303, 1),
(316, 304, 1),
(317, 305, 1),
(318, 306, 1),
(319, 307, 1),
(320, 308, 1),
(321, 309, 1),
(322, 310, 1),
(323, 311, 1),
(324, 312, 1),
(325, 313, 1),
(326, 314, 1),
(327, 315, 1);

-- --------------------------------------------------------

--
-- Table structure for table `mectworkplace_notificationcount`
--

CREATE TABLE `mectworkplace_notificationcount` (
  `id` int(11) NOT NULL,
  `userid` int(11) NOT NULL,
  `nocount` int(11) NOT NULL
) ENGINE=InnoDB DEFAULT CHARSET=utf8mb4;

--
-- Dumping data for table `mectworkplace_notificationcount`
--

INSERT INTO `mectworkplace_notificationcount` (`id`, `userid`, `nocount`) VALUES
(1, 1, 2),
(2, 2, 0),
(3, 3, 0),
(4, 4, 15),
(5, 5, 0),
(6, 6, 0),
(7, 7, 0),
(8, 8, 0),
(9, 10, 0),
(10, 11, 0),
(11, 12, 0),
(12, 13, 0),
(14, 14, 0),
(15, 15, 0),
(16, 16, 0),
(17, 17, 0),
(18, 18, 0),
(19, 19, 0),
(20, 20, 0),
(21, 21, 0),
(22, 22, 0),
(23, 23, 0),
(24, 24, 0),
(25, 25, 0),
(26, 26, 0),
(27, 27, 0),
(28, 28, 0),
(29, 29, 0),
(30, 30, 0),
(31, 31, 0),
(32, 32, 0),
(33, 33, 0),
(34, 34, 0),
(35, 35, 0),
(36, 36, 0),
(37, 37, 0),
(38, 38, 0),
(39, 39, 0),
(40, 40, 0),
(41, 41, 0),
(42, 42, 0),
(43, 43, 0),
(44, 44, 0),
(45, 45, 0),
(46, 46, 0),
(47, 47, 0),
(48, 48, 0),
(49, 49, 0),
(50, 50, 0),
(51, 51, 0),
(52, 52, 0),
(53, 53, 0),
(54, 54, 0),
(55, 55, 0),
(56, 56, 0),
(57, 57, 0),
(58, 58, 13),
(59, 59, 0),
(60, 60, 0),
(61, 61, 0),
(62, 62, 0),
(63, 63, 0),
(64, 64, 0),
(65, 65, 0),
(66, 66, 0),
(67, 67, 0),
(68, 68, 0),
(69, 69, 0),
(70, 70, 0),
(71, 71, 0),
(72, 72, 0),
(73, 73, 0),
(74, 74, 0),
(75, 75, 0),
(76, 76, 0),
(77, 77, 0),
(78, 78, 0),
(79, 79, 0),
(80, 80, 0),
(81, 81, 0),
(82, 82, 0),
(83, 83, 0),
(84, 84, 0),
(85, 85, 0),
(86, 86, 0),
(100, 87, 0),
(101, 88, 0),
(102, 89, 0),
(103, 90, 0),
(104, 91, 0),
(105, 92, 0),
(106, 94, 0),
(107, 95, 0),
(108, 96, 0),
(109, 97, 0),
(110, 98, 0),
(111, 99, 0),
(112, 100, 0),
(113, 101, 0),
(114, 102, 0),
(115, 103, 0),
(116, 104, 0),
(117, 105, 0),
(118, 106, 0),
(119, 107, 0),
(120, 108, 0),
(121, 109, 0),
(122, 110, 0),
(123, 111, 0),
(124, 112, 0),
(125, 113, 0),
(126, 114, 0),
(127, 115, 0),
(128, 116, 0),
(129, 117, 0),
(130, 118, 0),
(131, 119, 0),
(132, 120, 0),
(133, 121, 0),
(134, 122, 0),
(135, 123, 0),
(136, 124, 0),
(137, 125, 0),
(138, 126, 0),
(139, 127, 0),
(140, 128, 0),
(141, 129, 0),
(142, 130, 0),
(143, 131, 0),
(144, 132, 0),
(145, 133, 0),
(146, 134, 0),
(147, 135, 0),
(148, 136, 0),
(149, 137, 0),
(150, 138, 0),
(151, 139, 0),
(152, 140, 0),
(153, 141, 0),
(154, 142, 0),
(155, 143, 0),
(156, 144, 0),
(157, 145, 0),
(158, 146, 0),
(159, 147, 0),
(160, 148, 0),
(161, 149, 0),
(162, 150, 0),
(163, 151, 0),
(164, 152, 0),
(165, 153, 0),
(166, 154, 0),
(167, 155, 0),
(168, 156, 0),
(169, 157, 0),
(170, 158, 0),
(171, 159, 0),
(172, 160, 0),
(173, 161, 0),
(174, 162, 0),
(175, 163, 0),
(176, 164, 0),
(177, 165, 0),
(178, 166, 0),
(179, 167, 0),
(180, 168, 0),
(181, 169, 0),
(182, 170, 0),
(183, 171, 0),
(184, 172, 0),
(185, 173, 0),
(186, 174, 0),
(187, 175, 0),
(188, 176, 0),
(189, 177, 0),
(190, 178, 0),
(191, 179, 0),
(192, 180, 0),
(193, 181, 0),
(194, 182, 0),
(195, 183, 0),
(196, 184, 0),
(197, 185, 0),
(198, 186, 0),
(199, 187, 0),
(200, 188, 0),
(201, 189, 0),
(202, 190, 0),
(203, 191, 0),
(204, 192, 0),
(205, 193, 0),
(206, 194, 0),
(207, 195, 0),
(208, 196, 0),
(209, 197, 0),
(210, 198, 0),
(211, 199, 0),
(212, 200, 0),
(213, 201, 0),
(214, 202, 0),
(215, 203, 0),
(216, 204, 0),
(217, 205, 0),
(218, 206, 0),
(219, 207, 0),
(220, 208, 0),
(221, 209, 0),
(222, 210, 0),
(223, 211, 0),
(224, 212, 0),
(225, 213, 0),
(226, 214, 0),
(227, 215, 0),
(228, 216, 0),
(229, 217, 0),
(230, 218, 0),
(231, 219, 0),
(232, 220, 0),
(233, 221, 0),
(234, 222, 0),
(235, 223, 0),
(236, 224, 0),
(237, 225, 0),
(238, 226, 0),
(239, 227, 0),
(240, 228, 0),
(241, 229, 0),
(242, 230, 0),
(243, 231, 0),
(244, 232, 0),
(245, 233, 0),
(246, 234, 0),
(247, 235, 0),
(248, 236, 0),
(249, 237, 0),
(250, 238, 0),
(251, 238, 0),
(252, 239, 0),
(253, 240, 0),
(254, 241, 0),
(255, 242, 0),
(256, 243, 0),
(257, 244, 0),
(258, 245, 0),
(259, 246, 0),
(260, 247, 0),
(261, 248, 0),
(262, 249, 0),
(263, 250, 0),
(264, 251, 0),
(265, 252, 0),
(267, 254, 0),
(268, 256, 0),
(269, 257, 0),
(270, 258, 0),
(271, 259, 0),
(272, 260, 0),
(273, 261, 0),
(274, 262, 0),
(275, 263, 0),
(276, 264, 0),
(277, 265, 0),
(278, 266, 0),
(279, 267, 0),
(280, 268, 0),
(281, 269, 0),
(282, 270, 0),
(283, 271, 0),
(284, 272, 0),
(285, 273, 0),
(286, 274, 0),
(287, 275, 0),
(288, 276, 0),
(289, 277, 0),
(290, 278, 0),
(291, 279, 0),
(292, 280, 0),
(293, 281, 0),
(294, 282, 0),
(295, 283, 0),
(296, 284, 0),
(297, 285, 0),
(298, 286, 0),
(299, 287, 0),
(300, 288, 0),
(301, 289, 0),
(302, 290, 0),
(303, 291, 0),
(304, 292, 0),
(305, 293, 0),
(306, 294, 0),
(307, 295, 0),
(308, 296, 0),
(309, 297, 0),
(310, 298, 0),
(311, 299, 0),
(312, 300, 0),
(313, 301, 0),
(314, 302, 0),
(315, 303, 0),
(316, 304, 0),
(317, 305, 0),
(318, 306, 0),
(319, 307, 0),
(320, 308, 0),
(321, 309, 0),
(322, 310, 0),
(323, 311, 0),
(324, 312, 0),
(325, 313, 0),
(326, 314, 0),
(327, 315, 0);

-- --------------------------------------------------------

--
-- Table structure for table `mectworkplace_ntime`
--

CREATE TABLE `mectworkplace_ntime` (
  `id` int(11) NOT NULL,
  `userid` int(11) NOT NULL,
  `ptime` varchar(50) NOT NULL,
  `etime` varchar(50) NOT NULL
) ENGINE=InnoDB DEFAULT CHARSET=utf8mb4;

--
-- Dumping data for table `mectworkplace_ntime`
--

INSERT INTO `mectworkplace_ntime` (`id`, `userid`, `ptime`, `etime`) VALUES
(1, 1, '02/11/20 12:28:29', '02/11/20 12:29:48'),
(2, 2, '0', '0'),
(3, 3, '0', '0'),
(4, 4, '16/06/21 07:51:43', '20/06/21 20:36:24'),
(5, 5, '0', '0'),
(6, 6, '0', '0'),
(7, 7, '0', '0'),
(8, 8, '0', '0'),
(9, 10, '0', '0'),
(10, 11, '0', '0'),
(11, 12, '0', '0'),
(12, 13, '0', '0'),
(14, 14, '0', '0'),
(15, 15, '0', '0'),
(16, 16, '0', '0'),
(17, 17, '0', '0'),
(18, 18, '0', '0'),
(19, 19, '0', '0'),
(20, 20, '0', '0'),
(21, 21, '0', '0'),
(22, 22, '0', '0'),
(23, 23, '0', '0'),
(24, 24, '0', '0'),
(25, 25, '0', '0'),
(26, 26, '0', '0'),
(27, 27, '0', '0'),
(28, 28, '0', '0'),
(29, 29, '0', '0'),
(30, 30, '0', '0'),
(31, 31, '0', '0'),
(32, 32, '0', '0'),
(33, 33, '0', '0'),
(34, 34, '0', '0'),
(35, 35, '0', '0'),
(36, 36, '0', '0'),
(37, 37, '0', '0'),
(38, 38, '0', '0'),
(39, 39, '0', '0'),
(40, 40, '0', '0'),
(41, 41, '0', '0'),
(42, 42, '0', '0'),
(43, 43, '0', '0'),
(44, 44, '0', '0'),
(45, 45, '0', '0'),
(46, 46, '0', '0'),
(47, 47, '0', '0'),
(48, 48, '0', '0'),
(49, 49, '0', '0'),
(50, 50, '0', '0'),
(51, 51, '0', '0'),
(52, 52, '0', '0'),
(53, 53, '0', '0'),
(54, 54, '0', '0'),
(55, 55, '0', '0'),
(56, 56, '0', '0'),
(57, 57, '0', '0'),
(58, 58, '08/08/21 17:45:02', '16/12/21 21:49:00'),
(59, 59, '0', '0'),
(60, 60, '0', '0'),
(61, 61, '0', '0'),
(62, 62, '0', '0'),
(63, 63, '0', '0'),
(64, 64, '0', '0'),
(65, 65, '0', '0'),
(66, 66, '0', '0'),
(67, 67, '0', '0'),
(68, 68, '0', '0'),
(69, 69, '0', '0'),
(70, 70, '0', '0'),
(71, 71, '0', '0'),
(72, 72, '0', '0'),
(73, 73, '0', '0'),
(74, 74, '0', '0'),
(75, 75, '0', '0'),
(76, 76, '0', '0'),
(77, 77, '0', '0'),
(78, 78, '0', '0'),
(79, 79, '0', '0'),
(80, 80, '0', '0'),
(81, 81, '0', '0'),
(82, 82, '0', '0'),
(83, 83, '0', '0'),
(84, 84, '0', '0'),
(85, 85, '0', '0'),
(86, 86, '0', '0'),
(100, 87, '0', '0'),
(101, 88, '0', '0'),
(102, 89, '0', '0'),
(103, 90, '0', '0'),
(104, 91, '0', '0'),
(105, 92, '0', '0'),
(106, 94, '0', '0'),
(107, 95, '0', '0'),
(108, 96, '0', '0'),
(109, 97, '0', '0'),
(110, 98, '0', '0'),
(111, 99, '0', '0'),
(112, 100, '0', '0'),
(113, 101, '0', '0'),
(114, 102, '0', '0'),
(115, 103, '0', '0'),
(116, 104, '0', '0'),
(117, 105, '0', '0'),
(118, 106, '0', '0'),
(119, 107, '0', '0'),
(120, 108, '0', '0'),
(121, 109, '0', '0'),
(122, 110, '0', '0'),
(123, 111, '0', '0'),
(124, 112, '0', '0'),
(125, 113, '0', '0'),
(126, 114, '0', '0'),
(127, 115, '0', '0'),
(128, 116, '0', '0'),
(129, 117, '0', '0'),
(130, 118, '0', '0'),
(131, 119, '0', '0'),
(132, 120, '0', '0'),
(133, 121, '0', '0'),
(134, 122, '0', '0'),
(135, 123, '0', '0'),
(136, 124, '0', '0'),
(137, 125, '0', '0'),
(138, 126, '0', '0'),
(139, 127, '0', '0'),
(140, 128, '0', '0'),
(141, 129, '0', '0'),
(142, 130, '0', '0'),
(143, 131, '0', '0'),
(144, 132, '0', '0'),
(145, 133, '0', '0'),
(146, 134, '0', '0'),
(147, 135, '0', '0'),
(148, 136, '0', '0'),
(149, 137, '0', '0'),
(150, 138, '0', '0'),
(151, 139, '0', '0'),
(152, 140, '0', '0'),
(153, 141, '0', '0'),
(154, 142, '0', '0'),
(155, 143, '0', '0'),
(156, 144, '0', '0'),
(157, 145, '0', '0'),
(158, 146, '0', '0'),
(159, 147, '0', '0'),
(160, 148, '0', '0'),
(161, 149, '0', '0'),
(162, 150, '0', '0'),
(163, 151, '0', '0'),
(164, 152, '0', '0'),
(165, 153, '0', '0'),
(166, 154, '0', '0'),
(167, 155, '0', '0'),
(168, 156, '0', '0'),
(169, 157, '0', '0'),
(170, 158, '0', '0'),
(171, 159, '0', '0'),
(172, 160, '0', '0'),
(173, 161, '0', '0'),
(174, 162, '0', '0'),
(175, 163, '0', '0'),
(176, 164, '0', '0'),
(177, 165, '0', '0'),
(178, 166, '0', '0'),
(179, 167, '0', '0'),
(180, 168, '0', '0'),
(181, 169, '0', '0'),
(182, 170, '0', '0'),
(183, 171, '0', '0'),
(184, 172, '0', '0'),
(185, 173, '0', '0'),
(186, 174, '0', '0'),
(187, 175, '0', '0'),
(188, 176, '0', '0'),
(189, 177, '0', '0'),
(190, 178, '0', '0'),
(191, 179, '0', '0'),
(192, 180, '0', '0'),
(193, 181, '0', '0'),
(194, 182, '0', '0'),
(195, 183, '0', '0'),
(196, 184, '0', '0'),
(197, 185, '0', '0'),
(198, 186, '0', '0'),
(199, 187, '0', '0'),
(200, 188, '0', '0'),
(201, 189, '0', '0'),
(202, 190, '0', '0'),
(203, 191, '0', '0'),
(204, 192, '0', '0'),
(205, 193, '0', '0'),
(206, 194, '0', '0'),
(207, 195, '0', '0'),
(208, 196, '0', '0'),
(209, 197, '0', '0'),
(210, 198, '0', '0'),
(211, 199, '0', '0'),
(212, 200, '0', '0'),
(213, 201, '0', '0'),
(214, 202, '0', '0'),
(215, 203, '0', '0'),
(216, 204, '0', '0'),
(217, 205, '0', '0'),
(218, 206, '0', '0'),
(219, 207, '0', '0'),
(220, 208, '0', '0'),
(221, 209, '0', '0'),
(222, 210, '0', '0'),
(223, 211, '0', '0'),
(224, 212, '0', '0'),
(225, 213, '0', '0'),
(226, 214, '0', '0'),
(227, 215, '0', '0'),
(228, 216, '0', '0'),
(229, 217, '0', '0'),
(230, 218, '0', '0'),
(231, 219, '0', '0'),
(232, 220, '0', '0'),
(233, 221, '0', '0'),
(234, 222, '0', '0'),
(235, 223, '0', '0'),
(236, 224, '0', '0'),
(237, 225, '0', '0'),
(238, 226, '0', '0'),
(239, 227, '0', '0'),
(240, 228, '0', '0'),
(241, 229, '0', '0'),
(242, 230, '0', '0'),
(243, 231, '0', '0'),
(244, 232, '0', '0'),
(245, 233, '0', '0'),
(246, 234, '0', '0'),
(247, 235, '0', '0'),
(248, 236, '0', '0'),
(249, 237, '0', '0'),
(250, 238, '0', '0'),
(251, 238, '0', '0'),
(252, 239, '0', '0'),
(253, 240, '0', '0'),
(254, 241, '0', '0'),
(255, 242, '0', '0'),
(256, 243, '0', '0'),
(257, 244, '0', '0'),
(258, 245, '0', '0'),
(259, 246, '0', '0'),
(260, 247, '0', '0'),
(261, 248, '0', '0'),
(262, 249, '0', '0'),
(263, 250, '0', '0'),
(264, 251, '0', '0'),
(265, 252, '0', '0'),
(266, 254, '0', '0'),
(267, 254, '0', '0'),
(268, 256, '0', '0'),
(269, 257, '0', '0'),
(270, 258, '0', '0'),
(271, 259, '0', '0'),
(272, 260, '0', '0'),
(273, 261, '0', '0'),
(274, 262, '0', '0'),
(275, 263, '0', '0'),
(276, 264, '0', '0'),
(277, 265, '0', '0'),
(278, 266, '0', '0'),
(279, 267, '0', '0'),
(280, 268, '0', '0'),
(281, 269, '0', '0'),
(282, 270, '0', '0'),
(283, 271, '0', '0'),
(284, 272, '0', '0'),
(285, 273, '0', '0'),
(286, 274, '0', '0'),
(287, 275, '0', '0'),
(288, 276, '0', '0'),
(289, 277, '0', '0'),
(290, 278, '0', '0'),
(291, 279, '0', '0'),
(292, 280, '0', '0'),
(293, 281, '0', '0'),
(294, 282, '0', '0'),
(295, 283, '0', '0'),
(296, 284, '0', '0'),
(297, 285, '0', '0'),
(298, 286, '0', '0'),
(299, 287, '0', '0'),
(300, 288, '0', '0'),
(301, 289, '0', '0'),
(302, 290, '0', '0'),
(303, 291, '0', '0'),
(304, 292, '0', '0'),
(305, 293, '0', '0'),
(306, 294, '0', '0'),
(307, 295, '0', '0'),
(308, 296, '0', '0'),
(309, 297, '0', '0'),
(310, 298, '0', '0'),
(311, 299, '0', '0'),
(312, 300, '0', '0'),
(313, 301, '0', '0'),
(314, 302, '0', '0'),
(315, 303, '0', '0'),
(316, 304, '0', '0'),
(317, 305, '0', '0'),
(318, 306, '0', '0'),
(319, 307, '0', '0'),
(320, 308, '0', '0'),
(321, 309, '0', '0'),
(322, 310, '0', '0'),
(323, 311, '0', '0'),
(324, 312, '0', '0'),
(325, 313, '0', '0'),
(326, 314, '0', '0'),
(327, 315, '0', '0');

-- --------------------------------------------------------

--
-- Table structure for table `mectworkplace_posts`
--

CREATE TABLE `mectworkplace_posts` (
  `postid` int(11) NOT NULL,
  `userid` int(11) DEFAULT NULL,
  `groupid` int(11) NOT NULL,
  `postdata` varchar(500) DEFAULT NULL,
  `fileurl` varchar(100) DEFAULT NULL,
  `extension` varchar(50) DEFAULT NULL,
  `filesize` varchar(50) DEFAULT NULL,
  `posttime` varchar(35) DEFAULT NULL,
  `likecount` int(11) NOT NULL
) ENGINE=InnoDB DEFAULT CHARSET=utf8mb4;

-- --------------------------------------------------------

--
-- Table structure for table `mectworkplace_privatepost`
--

CREATE TABLE `mectworkplace_privatepost` (
  `id` int(11) NOT NULL,
  `userid` int(11) NOT NULL,
  `postid` int(11) NOT NULL
) ENGINE=InnoDB DEFAULT CHARSET=utf8mb4;

-- --------------------------------------------------------

--
-- Table structure for table `mectworkplace_privatereply`
--

CREATE TABLE `mectworkplace_privatereply` (
  `id` int(11) NOT NULL,
  `idfrom` int(11) NOT NULL,
  `idto` int(11) NOT NULL,
  `replydata` varchar(200) NOT NULL,
  `replytime` varchar(35) DEFAULT NULL,
  `postid` int(11) NOT NULL
) ENGINE=InnoDB DEFAULT CHARSET=utf8mb4;

-- --------------------------------------------------------

--
-- Table structure for table `mectworkplace_registration`
--

CREATE TABLE `mectworkplace_registration` (
  `id` int(11) NOT NULL,
  `eventid` int(11) NOT NULL,
  `userid` int(11) NOT NULL
) ENGINE=InnoDB DEFAULT CHARSET=utf8mb4;

-- --------------------------------------------------------

--
-- Table structure for table `mectworkplace_studentdetails`
--

CREATE TABLE `mectworkplace_studentdetails` (
  `id` int(11) NOT NULL,
  `userid` int(11) NOT NULL,
  `name` varchar(50) NOT NULL,
  `rollno` int(11) NOT NULL,
  `regno` varchar(10) NOT NULL,
  `degree` varchar(50) NOT NULL,
  `degree_details` varchar(50) NOT NULL,
  `community` varchar(50) DEFAULT NULL,
  `religion` varchar(50) NOT NULL,
  `blood` varchar(10) NOT NULL,
  `dob` varchar(20) NOT NULL,
  `address` varchar(300) NOT NULL,
  `brother` int(11) NOT NULL,
  `sister` int(11) NOT NULL,
  `father_name` varchar(50) NOT NULL,
  `father_mobile` varchar(11) NOT NULL,
  `father_mail` varchar(50) NOT NULL,
  `father_occupation` varchar(50) NOT NULL,
  `foccupation_type` varchar(50) NOT NULL,
  `father_income` int(11) NOT NULL,
  `mother_name` varchar(50) NOT NULL,
  `mother_mobile` varchar(11) NOT NULL,
  `mother_mail` varchar(50) NOT NULL,
  `mother_occupation` varchar(50) NOT NULL,
  `moccupation_type` varchar(50) NOT NULL,
  `mother_income` int(11) NOT NULL,
  `school_sslc` varchar(80) NOT NULL,
  `school_address_sslc` varchar(200) NOT NULL,
  `school_location` varchar(50) NOT NULL,
  `school_type` varchar(50) NOT NULL,
  `mediumstudy` varchar(50) NOT NULL,
  `sslcafter` varchar(50) NOT NULL,
  `sslc_year` int(11) NOT NULL,
  `sslc_marks` int(11) NOT NULL,
  `school_hsc` varchar(50) NOT NULL,
  `school_address_hsc` varchar(200) NOT NULL,
  `hsc_year` int(11) NOT NULL,
  `hsc_marks` int(11) NOT NULL,
  `hscschoollocation` varchar(50) NOT NULL,
  `hscschooltype` varchar(50) NOT NULL,
  `hscmediumstudy` varchar(50) NOT NULL,
  `maths_mark` int(11) NOT NULL,
  `physics_mark` int(11) NOT NULL,
  `chemistry_mark` int(11) NOT NULL,
  `cutoff` varchar(10) NOT NULL,
  `diploma_cgpa` int(11) NOT NULL,
  `college_diploma` varchar(80) NOT NULL,
  `TNEA_overall` int(11) NOT NULL,
  `TNEA_community` int(11) NOT NULL,
  `firstgraduate` varchar(50) NOT NULL,
  `physically_challenged` varchar(50) NOT NULL,
  `Disability` varchar(50) NOT NULL,
  `scholarship` varchar(50) NOT NULL,
  `scholarship_amount` int(11) NOT NULL,
  `eloan` varchar(50) NOT NULL,
  `education_loan` int(11) NOT NULL,
  `hostel` varchar(50) NOT NULL,
  `hostel_room` varchar(15) NOT NULL,
  `achievements` varchar(200) NOT NULL,
  `scholarship_details` varchar(200) NOT NULL,
  `extra_curricular` varchar(500) NOT NULL,
  `gender_user` varchar(50) NOT NULL,
  `dept` varchar(25) NOT NULL
) ENGINE=InnoDB DEFAULT CHARSET=utf8mb4;

-- --------------------------------------------------------

--
-- Table structure for table `mectworkplace_td`
--

CREATE TABLE `mectworkplace_td` (
  `id` int(11) NOT NULL,
  `staff` int(11) NOT NULL,
  `student` int(11) NOT NULL,
  `addflag` int(11) NOT NULL
) ENGINE=InnoDB DEFAULT CHARSET=utf8mb4;

-- --------------------------------------------------------

--
-- Table structure for table `mectworkplace_userid`
--

CREATE TABLE `mectworkplace_userid` (
  `userid` int(11) NOT NULL,
  `email` varchar(50) NOT NULL,
  `password` varchar(256) NOT NULL,
  `androidtoken` varchar(255) DEFAULT NULL,
  `webtoken` varchar(255) DEFAULT NULL,
  `usertype` int(11) NOT NULL
) ENGINE=InnoDB DEFAULT CHARSET=utf8mb4;

--
-- Dumping data for table `mectworkplace_userid`
--

INSERT INTO `mectworkplace_userid` (`userid`, `email`, `password`, `androidtoken`, `webtoken`, `usertype`) VALUES
(1, 'pnatharaja@tce.edu', '$pbkdf2-sha256$29000$HgPAeG/tvTcmZMxZS0kJwQ$lY48vGa2Ak9gg9g1OWOp70gPRCDNHwvTxG.lciQO4EM', NULL, NULL, 2),
(2, 'gkgmech@tce.edu', '$pbkdf2-sha256$29000$Oaf0fo/x3ptzDkEIoXSO8Q$uV4aPl3admK.F9UDcQSfXAWY7ONT228sy5npkyniSTE', NULL, NULL, 2),
(3, 'gkmech@tce.edu', '$pbkdf2-sha256$29000$QChFSMnZ.7.3tpaScs455w$Zgc8v48/uvouwXA8OhikoigoBnc2.MzP2m8L5697EVg', NULL, NULL, 2),
(4, 'sjf@tce.edu', '$pbkdf2-sha256$29000$upeyNsaYEwLAGONcqxWidA$VWtbcwjWmBwJS7XA3A5cuf3pUjXg9zBqCwWkUBHaBHk', NULL, NULL, 2),
(5, 'parthasarathi_s@tce.edu', '$pbkdf2-sha256$29000$bG0t5RyjVEpJibG21tr7nw$fYmr1XSRhmgUjtjXciuTxsZya3TGsq85bszGGXy26ok', NULL, NULL, 2),
(6, 'rameshh@tce.edu', '$pbkdf2-sha256$29000$grC2lvLemzMmhPDeG2PsPQ$PWnHVlifDT8Fqpln3bD4gvUEDYvmRN/xfykwNTDDudU', NULL, NULL, 2),
(7, 'ganeshma2015@tce.edu', '$pbkdf2-sha256$29000$dS5F6N07h/CeEyIEAACAcA$IlYJ0Hyhn4h5RdIchrZ0CojoKOefD161AmUIDstWx90', NULL, NULL, 2),
(8, 'sarsmech@tce.edu', '$pbkdf2-sha256$29000$WWsNgZASYoyRMsbY23uPsQ$YvJ8z5jyfWftdL3P4wMHcANUhBdhOnRpj53sEOKULHk', NULL, NULL, 2),
(10, 'bpkmech@tce.edu', '$pbkdf2-sha256$29000$11qrVYpRCoGQcu5dS.n93w$s.mUnyCTiDXMvzKySEGCPXOMdLM/zCy7ifFOiinAUHs', NULL, NULL, 2),
(11, 'mmdmech@tce.edu', '$pbkdf2-sha256$29000$aM0ZI.S8F2KMESKEUCpFyA$ms5EmrPYnXcIJK1K.2CmFuczvituo9aKDHBBoC/XUrY', NULL, NULL, 2),
(12, 'smmect@tce.edu', '$pbkdf2-sha256$29000$CqFUKuV8TwkBgPC.NwYgRA$YGnDKtAqwcRD7lmD6KvoAbGNPq4O97wRI52OK4suL/c', NULL, NULL, 2),
(13, 'aaruthraa@student.tce.edu', '$pbkdf2-sha256$29000$5Nwbg7B2LsVYq5UyJgTgHA$acp9bEI9RV5TQBEp2U/1C.yDb5H0Cy/Cv3j6UnnKB5Y', NULL, NULL, 5),
(14, 'aishwaryass@student.tce.edu', '$pbkdf2-sha256$29000$Tcm5VyplDMHY.1/rPSdk7A$jKJzYwP0yACwpQFknkZCiILjGbwkioBmh5I3NqRPu1I', NULL, NULL, 5),
(15, 'ananth@student.tce.edu', '$pbkdf2-sha256$29000$ec.ZE8J4jxGitPY.5xxDqA$/ibRak9jzPjMwSyXk3PLWEn1B/m2AATcDuw4jNSiwi4', NULL, NULL, 5),
(16, 'annamalaig@student.tce.edu', '$pbkdf2-sha256$29000$9l7r/f.fs9a6997b27sXgg$bDOzrU7AAm/eCDPGuZ7X6jSqlVVwV7i7q.0gINC8kyc', NULL, NULL, 5),
(17, 'arjun@student.tce.edu', '$pbkdf2-sha256$29000$z1lrTcm5V0qJcQ4hRCilNA$Zz/ppO7Uyv5AxKy5l7wDxCiYHa2XZvDFejv.8EMNlPU', NULL, NULL, 5),
(18, 'aswinsudarsan@student.tce.edu', '$pbkdf2-sha256$29000$GwNgDCHE2FsLgfAeY4zxHg$KWzdQhooZxluYyJc4ImLrfO.GiT2bRrxVJt59Isdzuw', NULL, NULL, 5),
(19, 'balajib@student.tce.edu', '$pbkdf2-sha256$29000$FWKMcQ6hNAbAmLOW8l7L.Q$II8Q.ary2mNoDHjc7a4dqR7G2NxdRkuVKQIuuo2VuRg', NULL, NULL, 5),
(20, 'bharathbalaji@student.tce.edu', '$pbkdf2-sha256$29000$aK31Xksp5VyLsZZy7h0D4A$uOJSo6SMjOXeJCowDS1e5FTlhh6LDjjhljaZbGAu3w8', NULL, NULL, 5),
(21, 'bhaven@student.tce.edu', '$pbkdf2-sha256$29000$ivF.b805R2itVco5x3iPUQ$a3hgbW9n6BagonioVL5KgAffF0QYO/RonL1AaaUTxDA', NULL, NULL, 5),
(22, 'bujitha@student.tce.edu', '$pbkdf2-sha256$29000$GqN0Tqk1JqR0jvF.L4UQog$UyB.qXiw1a9P88/3bkGOl0HpJ/ddOfYRz2zrC9IMFic', NULL, NULL, 5),
(23, 'deepauk@student.tce.edu', '$pbkdf2-sha256$29000$BkBIqfX.H.N8r3WuFeKcEw$3RAWnh4n3ryFrYX2QPNzUfENMuNtQUndpDaAMcpggKk', NULL, NULL, 5),
(24, 'derin@student.tce.edu', '$pbkdf2-sha256$29000$B.A8JySEEML437t3zrkXAg$bbzLsmm59BrdLy9Yfydn.KlVyhoWzyL9TtBn8NsQnVE', NULL, NULL, 5),
(25, 'dineshkumarel@student.tce.edu', '$pbkdf2-sha256$29000$ZswZ47y3tlbKOYcwJsRYaw$.gsEgjqM0vWgWhGfwqJw07qRXyD5APo5NGr915oZUPo', NULL, NULL, 5),
(26, 'elanchezhian@student.tce.edu', '$pbkdf2-sha256$29000$rRUCYKzVmvPeGyNkrDWmFA$pLR2d7xIY7Y8acuyEVGoBMviZ5Y4QT8KSADnDxoXXSw', NULL, NULL, 5),
(27, 'gomathisankar@student.tce.edu', '$pbkdf2-sha256$29000$CGFsrZXyPqc0pjQmREhpTQ$mB4rhHaJNaMRcuSCoKBJ.jwfhheQ9DBh3kYciMt9ooA', NULL, NULL, 5),
(28, 'gopinathm@student.tce.edu', '$pbkdf2-sha256$29000$6V2LMYYwhnDO.d87ByCk1A$DHtTKRtoWLTMO91RUQ1Pm1yhSgYrhEjnNV8FMzr0.vo', NULL, NULL, 5),
(29, 'gowthams@student.tce.edu', '$pbkdf2-sha256$29000$WqsVQsg5RwhB6D2H0FprzQ$rmUm2nj5sQzF1X0yvYkO1AKBPsHQsUVrIP6xyJEhCSU', NULL, NULL, 5),
(30, 'hariharanal@student.tce.edu', '$pbkdf2-sha256$29000$tbaW8l7LeY/R.r937p2Tcg$4gbojSMtFab7FKVfVvil2ho475uBgdtS2NlOXLOBBTA', NULL, NULL, 5),
(31, 'harikeswaran@student.tce.edu', '$pbkdf2-sha256$29000$aM35f4/RWmutdW4NQWjN.Q$41dsXvs7M8obXCT1kqc1GHttXyaFLVUW7MJBtncVdSQ', NULL, NULL, 5),
(32, 'harimuthuchandran@student.tce.edu', '$pbkdf2-sha256$29000$DOF8DyFEqNXa.x.jFOL8Pw$c7plfyG7wgnUKpcPL1IpT.Emjj2crMqAIoXykdKyWBc', NULL, NULL, 5),
(33, 'harishvasanth@student.tce.edu', '$pbkdf2-sha256$29000$N8Y4x1hr7b23ltKaM.bc.w$N5pNpAzlDplCGnibjmaGo5Ce1ZS7n9JHsS2Bm6la8.M', NULL, NULL, 5),
(34, 'hemachandran@student.tce.edu', '$pbkdf2-sha256$29000$I8TYWytFKOV87x3jnPP./w$N3CHaGESU0Tf61.orLOs.pHGsOSHBwnwIUSN0YjLz28', NULL, NULL, 5),
(35, 'jayaseelan@student.tce.edu', '$pbkdf2-sha256$29000$u7fWmnNOaa3VWuv9/9.7lw$Jh7dKtAh3iNGMbFa.1HqpUmVbkglWzqFLsmk8eharDc', NULL, NULL, 5),
(36, 'jeyasakthi@student.tce.edu', '$pbkdf2-sha256$29000$iTHmPGcM4ZzznjOmFALA.A$IsdqHit4RETmypwkOfXVBzF68GV2KQa9Ruoqdh.sw4k', NULL, NULL, 5),
(37, 'kaushick@student.tce.edu', '$pbkdf2-sha256$29000$JgRAKKU0BmCM0dpbK.Xcmw$N/vin8/OELISZr.XtKaUWgpZTsVi7LGmX5v1DWhlH0E', NULL, NULL, 5),
(38, 'logeshv@student.tce.edu', '$pbkdf2-sha256$29000$mvOe0/p/7x2jNCbEWIsxpg$JCBF7yoUnpZyaJlJ0ONICBq/hJmjbH9DM/ZR/ru7IYU', NULL, NULL, 5),
(39, 'manojukumar@student.tce.edu', '$pbkdf2-sha256$29000$JyTE2HuvNUZISQmB8J4Twg$CbtUZ/REJY7ZgZz9vKvQb/oQCQQTRfH1uR1FfefuNVY', NULL, NULL, 5),
(40, 'mohammedfiazudeen@student.tce.edu', '$pbkdf2-sha256$29000$DeHcO6c0xjgHoLQWIiSk1A$yr2cKMXAmDt8NcY/2XTYZoCB2OUGeCoWdfNwFF3TmZs', NULL, NULL, 5),
(41, 'navaneetha@student.tce.edu', '$pbkdf2-sha256$29000$uldqDaF0znnPOQcAQIjxXg$n4amQynZVmIyP3iNkzprPdlYWyzIDGAP1jLO/ELP2Gg', NULL, NULL, 5),
(42, 'navaneethan@student.tce.edu', '$pbkdf2-sha256$29000$r7VWijGmFCLknFMKoZRyLg$ttju8Y.5Wi7JOUsxBqyCnDEiIW16TN/OTYD5SDNr9rY', NULL, NULL, 5),
(43, 'naveenk@student.tce.edu', '$pbkdf2-sha256$29000$cM7Zu9daixGCUKo15tz7Xw$quNk6Qn1XcuC3YT7jc.udCnruwK4ZHFhvVslZd5UW.E', NULL, NULL, 5),
(44, 'naveenprasath@student.tce.edu', '$pbkdf2-sha256$29000$UwrB.P9/j3Eu5bxXas2ZMw$2LLPbkS/GuCoa2p6yIzN1zz5Y5R6oWexMvIVE2FcqVc', NULL, NULL, 5),
(45, 'nikhilesh@student.tce.edu', '$pbkdf2-sha256$29000$DGEMIWQsZYxxbk2Jca4VQg$F43P5Mcf3jCWjRuOcE27iVHvA6aQgr89P8MCz6aqZtc', NULL, NULL, 5),
(46, 'niranjanraaj@student.tce.edu', '$pbkdf2-sha256$29000$fQ9hrNX6HyMEgBDC.L.3Vg$fvvW8mRNrwcbRLTH0JqGRWJ6zjS.FbEn4H8oUttb17U', NULL, NULL, 5),
(47, 'nisanth@student.tce.edu', '$pbkdf2-sha256$29000$Tmnt3VurVeq9V8p5b42R0g$ePILBVsAr7eyrHakxGP.wGLTFKGlie41mjzdaXXv83c', NULL, NULL, 5),
(48, 'nivas@student.tce.edu', '$pbkdf2-sha256$29000$3/u/916r1VoLwdg7Z8w5Jw$2ZDu2EM.twF4SlpwiQqX1o.GiIcjutL9U7SJXtZedxE', NULL, NULL, 5),
(49, 'omprakash@student.tce.edu', '$pbkdf2-sha256$29000$LwUAwNi7N.Zca6117r137g$Arb/Abdm/K4eU8yILyWtEwXOpkeugePeoNWNnIFAP5c', NULL, NULL, 5),
(50, 'potheeraj@student.tce.edu', '$pbkdf2-sha256$29000$GkNorXUO4ZzT2pvTOieEsA$gmBTYsPocAIcDbBZi8vwjfnYYWnqYo56oOaTepkovUc', NULL, NULL, 5),
(51, 'prabhakarank@student.tce.edu', '$pbkdf2-sha256$29000$pnRujTFGiLE2JgTAuJeSEg$fgQ8DxHhuORf946J9aWgIetP9lRB9GVSb0JRPOztlMA', NULL, NULL, 5),
(52, 'pradeepc@student.tce.edu', '$pbkdf2-sha256$29000$1bq31nrv3ft/T0mpNUZI6Q$3n346jLo5Qo.87RttJQwsIM6ZroWZuNrisrFGM5RExs', NULL, NULL, 5),
(53, 'prasanthv@student.tce.edu', '$pbkdf2-sha256$29000$EgIAwHgvBWCMca4VImRMqQ$Dcj9KTsRTmpEPX7.g5hWqlKTpLH5GaCWVx5dxIKjSRg', NULL, NULL, 5),
(54, 'pravinraj@student.tce.edu', '$pbkdf2-sha256$29000$bu39X0uJEYKw1pqT8n5PSQ$CFctt1I1kzVlga/SFYWby.Xdlcs2mDGIKeHfFieZ3/M', NULL, NULL, 5),
(55, 'ragulk@student.tce.edu', '$pbkdf2-sha256$29000$Oee8lxLiPAeA0Dqn9P5faw$kgJ1EsjP0KTLLRLaTkJc9m/VtLFC8YQQ/iIhiW6YWgE', NULL, NULL, 5),
(56, 'rajadurai@student.tce.edu', '$pbkdf2-sha256$29000$zPlfi/G.FyKk1JqTEkKotQ$m/abHpYC4siUfO3ofGA/FdtZxm1B0yANYgxlYLJHDq8', NULL, NULL, 5),
(57, 'rajasheeba@student.tce.edu', '$pbkdf2-sha256$29000$QcgZY4zxfs/Z.3/PmRNCSA$wq163EQlOZymDb.8UOqm9oYkOQ2Sx9gC0W3hHPtYYyk', NULL, NULL, 5),
(58, 'ramsankar@student.tce.edu', '$pbkdf2-sha256$29000$dA7h3JszBiAkxBgDAECIEQ$cZexsijqy0hN2rYz.d/nzzQPNt0./L7SUfsXHy7RcSo', NULL, NULL, 5),
(59, 'reshmakk@student.tce.edu', '$pbkdf2-sha256$29000$s/a.15oT4nzP.f/fm3NOCQ$Qpqi3DGDpYkbj90BkbRz2VNIN3pTzoF54RGzGxZhl.M', NULL, NULL, 5),
(60, 'rishikesh@student.tce.edu', '$pbkdf2-sha256$29000$sbb2PofQWgshpFTqXSsFgA$YoPAafmju9dYJCikpQPpYXd05xQNId4.QXkCCMds.Ho', NULL, NULL, 5),
(61, 'sankarnarayanan@student.tce.edu', '$pbkdf2-sha256$29000$DuE8p5RyTknJOceYEyLknA$tTUyyVhDgs1SoZq7N3d0hg3j7RQs2DSfuwaLMpUHDpk', NULL, NULL, 5),
(62, 'sarathram@student.tce.edu', '$pbkdf2-sha256$29000$BoCwtlYKwfhfq1XqvZdyDg$nDlhSFM5HRe/LX8hUKCft3FviIrAv5NFVSBFgfJwaHs', NULL, NULL, 5),
(63, 'satheeshkumar@student.tce.edu', '$pbkdf2-sha256$29000$BcA4ByDEOGfMGeM8h1CqNQ$1PCKbFKk1ywee4iPKZm22C/7LWaV54vhdRr3NGMc6oc', NULL, NULL, 5),
(64, 'sathyanarayana@student.tce.edu', '$pbkdf2-sha256$29000$q7XWWgvhHMP4/18rZSzlXA$rugqkPOkgcMXRScOzfTdyi4LMyGHfqbU9RGtp.dFpGk', NULL, NULL, 5),
(65, 'shivani@student.tce.edu', '$pbkdf2-sha256$29000$FyKEEKIUIoRQKmXsPce4Nw$WFFW1.lBPUCubZYa7CVGkB2hFdFJvq73X2qAlaNfW8w', NULL, NULL, 5),
(66, 'sriganesh@student.tce.edu', '$pbkdf2-sha256$29000$bS0F4BzDOEeoVSolxBhDaA$3.H2YgugWLm3NRxyReF4bdO5v.SkfNxzdMIw4Gs6OiQ', NULL, NULL, 5),
(67, 'srikaanth@student.tce.edu', '$pbkdf2-sha256$29000$2/t/r3XuXatV6p3zPmeMUQ$uRyln1OVxqjhEm8hllsw0F/fsc6ooKAa3lg5w2aNmVs', NULL, NULL, 5),
(68, 'subbiah@student.tce.edu', '$pbkdf2-sha256$29000$HCMEAOB8L6WU8h4D4ByDkA$R2o0X8eIdQyL78B4elHToHGyLAk4Z3dIACU7eRbbTuQ', NULL, NULL, 5),
(69, 'swathilakshmi@student.tce.edu', '$pbkdf2-sha256$29000$4xzDGIPQeu.dc05pTYmx1g$6cEIVscnNNUcFvj8m1l.ykL1eOay2kmWeVggRay2LoM', NULL, NULL, 5),
(70, 'thilagar@student.tce.edu', '$pbkdf2-sha256$29000$CyHEOOd8j5GytnaOUWqNEQ$wdgSh0tdpNuJ.5TQ/JPDksXh18Hsbo808BNmp1MQvD8', NULL, NULL, 5),
(71, 'udhayan@student.tce.edu', '$pbkdf2-sha256$29000$5nyP0dp7jxFijHHOGQPgHA$WOt3TwkeFAUVz39IBJAFKTc5cIHnkxuE4esk9bMsXqs', NULL, NULL, 5),
(72, 'vickram@student.tce.edu', '$pbkdf2-sha256$29000$9r631vq/V8pZC2FsbY3Reg$hMagA84e12SwXl3IGCYj2oOOEBuNFIGtaIHsyTT1Dus', NULL, NULL, 5),
(73, 'vishalrb@student.tce.edu', '$pbkdf2-sha256$29000$g5ByjrH23tubsxai9N5bqw$Yc2TCLtyqnQyhogRsxc70WCcwRVgJ.iSn90CcMUgU6k', NULL, NULL, 5),
(74, 'vishnuvijay@student.tce.edu', '$pbkdf2-sha256$29000$6t17j/Gec.6dk/K.974X4g$ZYQi7dnlDXCu71lFNJBRHEbHXq9wHB6x8QnpWlBqoHE', NULL, NULL, 5),
(75, 'vishnukumarar@student.tce.edu', '$pbkdf2-sha256$29000$oXSOsdYaQwghZIwRYkzJmQ$.WFZd3bCH9NwpzxUiuC/qqV4uBVAHANt0.ZcDn6FH3M', NULL, NULL, 5),
(76, 'vishwa@student.tce.edu', '$pbkdf2-sha256$29000$gbA2hrAWwti79x6D0HrPOQ$G.wYRhlsdAK7ofaGKRnBMnANDrr3bqtiEayydbopnOk', NULL, NULL, 5),
(77, 'yogaprakash@student.tce.edu', '$pbkdf2-sha256$29000$qpVyztnbW2sNIQSA8P7fOw$NyROMjjDEDiEviC/7nD/DLMvo2HTysBH33XlnaQh304', NULL, NULL, 5),
(78, 'aathiith@student.tce.edu', '$pbkdf2-sha256$29000$HYOQMgbgvBcCIMTY29tbaw$Se7or0vrRDrTFj/FFicEBCzb7jyv1oU/UDvYf8EiKSM', NULL, NULL, 5),
(79, 'anbarasan@student.tce.edu', '$pbkdf2-sha256$29000$AkBorZUyhnAOwZgTYsw55w$5kmO0B6R5XThsNATuGP51sDyHigDpt/lAdVhUxNhSiE', NULL, NULL, 5),
(80, 'anishdevan@student.tce.edu', '$pbkdf2-sha256$29000$uLcWQmhtjTFmjBFC6F2LcQ$dpRgyEtGM8VRiq/fPM0hwQxYdK8XxA9rV.dFz.qy/ws', NULL, NULL, 5),
(81, 'anjanats@student.tce.edu', '$pbkdf2-sha256$29000$AeAcg3BOKQVAiJFSao3x3g$mrrHmHNBzioTFEVpBed4KYOjme3l0PWq46LjebdqkUM', NULL, NULL, 5),
(82, 'annamalairm@student.tce.edu', '$pbkdf2-sha256$29000$RmgthbD2nlNKSSmldI5xzg$JWH1X3J/IxHAGyP3RIzpYenNtfC53EJr2GVLQdiDpC4', NULL, NULL, 5),
(83, 'mbalaji@student.tce.edu', '$pbkdf2-sha256$29000$XGtNidG6N8Y4x/h/D6EUIg$Y8wlbsRrWx/f3B3K2zU.aRQBWxyO8AhrGRdAKk2AF1A', NULL, NULL, 5),
(84, 'bharatheeswaran@student.tce.edu', '$pbkdf2-sha256$29000$lhKC8B4DwHhPqTXG2LsXQg$j0tNl9sMyqGrHRx14aDuWP85efJ/arqWyKgrzKCG4mU', NULL, NULL, 5),
(85, 'bhavhadharani@student.tce.edu', '$pbkdf2-sha256$29000$5vx/D8GY896bUyrlHIPQOg$DRnpCgSCBO61.jPX2eSEvgBp56CgrYCOkxAfHsVhuFU', NULL, NULL, 5),
(86, 'borris@student.tce.edu', '$pbkdf2-sha256$29000$YOz9XwsBwDjnfM.ZE2LM2Q$7pmrNA/J3yVsAxZRh46ZGuoh3nohdYeLbH1W4TykqPU', NULL, NULL, 5),
(87, 'buvana@student.tce.edu', '$pbkdf2-sha256$29000$ihHi/B9jrPW.13pvTUmp1Q$7cIKuwXbCF7BERO1Mhtx59Yl.OetUrl20sK7tShGzW4', NULL, NULL, 5),
(88, 'buvanesvar@student.tce.edu', '$pbkdf2-sha256$29000$pXSOkXIOASAkxLi3Nkbo/Q$ZIE7wZDiudi/BI56iCwhw11lYSrINJLZehefgnualnU', NULL, NULL, 5),
(89, 'chellaramu@student.tce.edu', '$pbkdf2-sha256$29000$MsZ4z1lrzVlLKaXU.h/j/A$37Ols7xO.IFe4oyXCEagkszEVtJGAqSdOYZhjKLw1O4', NULL, NULL, 5),
(90, 'devakumar@student.tce.edu', '$pbkdf2-sha256$29000$YwyB0DqHsJaSklIKYYwRog$wpHQzl33OTzKAogdYzMr.mIuvL30j0g6kXhzB4DlXX8', NULL, NULL, 5),
(91, 'dhana@student.tce.edu', '$pbkdf2-sha256$29000$FOJ8L8UYgxBijPE.B8D4vw$7880vseSIvOlQpcCQkzaBviN0gBJu3bqhY4hkzRpXEA', NULL, NULL, 5),
(92, 'dharun@student.tce.edu', '$pbkdf2-sha256$29000$ydlbq5USIkTIGWOMUWqt9Q$hU4lzV4cWQIsQL2PCJsUhDa0CH4PGEXO8Im4lI7a/ug', NULL, NULL, 5),
(94, 'fazithahamed@student.tce.edu', '$pbkdf2-sha256$29000$YOyd8x7DuHcu5ZxTCiEEgA$aF.VGdvp3h4wcXj5RT.9tEqu/Ebd3Rb/bZIEM2OMmQA', NULL, NULL, 5),
(95, 'gayathrisk@student.tce.edu', '$pbkdf2-sha256$29000$K8U457w3htAaQyhl7H1vDQ$ze1Wf2PZ7UyelSW1Qoux86foCY0ENvyYUhpjItGHcMk', NULL, NULL, 5),
(96, 'harenee@student.tce.edu', '$pbkdf2-sha256$29000$tvb.X.vdG.P8/18rZSyFcA$nDyf1SFiMZJ8CA6dwt.gSNTAr4P1BW6IJrr65qb2ifk', NULL, NULL, 5),
(97, 'hariharapriyan@student.tce.edu', '$pbkdf2-sha256$29000$LgWAUEop5ZyzlrKWUkrpvQ$fWcO0PgJ/9MkerDMhE43MlVG7yu6Ch3sxtjytsCm14A', NULL, NULL, 5),
(98, 'akarthick@student.tce.edu', '$pbkdf2-sha256$29000$/B8jpPS.d07pXasVIqT0/g$sWd/GdxeW08ogK91iCfnzk8AphWgoYydnYM5tc9gmtc', NULL, NULL, 5),
(99, 'rkiruthika@student.tce.edu', '$pbkdf2-sha256$29000$J2QMgfB.z7m31lorhXAuZQ$8j26CtlnVTxtoUBwGH9tmFRmNWjklpFl9MIt4qqIY5I', NULL, NULL, 5),
(100, 'kishorel@student.tce.edu', '$pbkdf2-sha256$29000$ESIkJIRQSqm1VkpJiZFS6g$gjhK0OpaQls3gMRTuIkpvqD2udjxGryPdmhLLxCY7ZM', NULL, NULL, 5),
(101, 'madhubalad@student.tce.edu', '$pbkdf2-sha256$29000$ltL6f4/Runfu3dt7T0mJsQ$IjmmEJ8FQcHmmtfLiLpUqqozi6T48eUrb8ix8gNRZ/Y', NULL, NULL, 5),
(102, 'madhumithai@student.tce.edu', '$pbkdf2-sha256$29000$9l7LOcf4P8cYYywFQIgx5g$GiSA46zRSoZBbx.NM6fKiKyqJUqO9xS7IC.HFusfhws', NULL, NULL, 5),
(103, 'manojkumarmuthukrishnan@student.tce.edu', '$pbkdf2-sha256$29000$IeRc631vba3V2ltLKaX0fg$0unNI/CzsiwlSo33Ov8m7mFjTql2x5/W.iM2HUUWqck', NULL, NULL, 5),
(104, 'mohanram@student.tce.edu', '$pbkdf2-sha256$29000$ECJkbK31Pud8T2nN2VvLOQ$pRRGok.wdzt45ENcb.Aht2TkLAhRkpIwVAcroAbp4tw', NULL, NULL, 5),
(105, 'muralemanohar@student.tce.edu', '$pbkdf2-sha256$29000$AGCsdQ6B0PqfUwrBOKe0Ng$1bcQeGiXs.Rt8F/Dai1E/XjM8PJcOB.PKAHNyq/ve/s', NULL, NULL, 5),
(106, 'gnavinkumar@student.tce.edu', '$pbkdf2-sha256$29000$h9Aao7SWsrb2vleKsXZOiQ$mf3uVPkmS4azgSf.BnNjWdmcPEB.tKkcNjrbhohE/yk', NULL, NULL, 5),
(107, 'palanikumars@student.tce.edu', '$pbkdf2-sha256$29000$dm6t9V7L2VtrDYEQgtB67w$Jqq6CYih.ffvNuzcp1Rh.6CZnKEUKVyUBVph0zloiDY', NULL, NULL, 5),
(108, 'pranave@student.tce.edu', '$pbkdf2-sha256$29000$eI8RQgihFCLEmHNO6T2nVA$9XCUeNDZebM6Xuvrjn/pfNbe2yrh6gPl.s7vxFKzVa0', NULL, NULL, 5),
(109, 'prasanthj@student.tce.edu', '$pbkdf2-sha256$29000$yvk/pxRi7H3vvZcyRkjJWQ$Bkd95zGepAgkcFxk./y7bboAuDIQT4g.najnKecDgc4', NULL, NULL, 5),
(110, 'prathaban@student.tce.edu', '$pbkdf2-sha256$29000$jlFqDSHkvLc2prR2rhVirA$Nd3C8aaZ.0icyxFRGmJYDyTNxUPmGe7YebgKbVPLYk0', NULL, NULL, 5),
(111, 'praveenrajk@student.tce.edu', '$pbkdf2-sha256$29000$XsvZ.58zpnQOQYhx7v2fMw$Fx3FJPxsUKgYJG.kl3Ha2f849QWWo/FS2iP1Caay3/E', NULL, NULL, 5),
(112, 'preethammeenaakshi@student.tce.edu', '$pbkdf2-sha256$29000$h5By7j1njFFKyfnfO0fo/Q$qaL/aMUb2vgo42jlXMHP/D4Jlyi7a2UXBXwC1YXuAMk', NULL, NULL, 5),
(113, 'preethisp@student.tce.edu', '$pbkdf2-sha256$29000$Tuk9h/Bei5FSijHGGMP4/w$lHZKItb0koRNSQCFrNoN88KnjM49IX4rXo1cvOXy.xc', NULL, NULL, 5),
(114, 'radha@student.tce.edu', '$pbkdf2-sha256$29000$Uso5h5CyllKq9d5ba01pjQ$rLEEyf2RwK3MIwnYeTCaX5NXsjeBPoAoRimjLcw4vqQ', NULL, NULL, 5),
(115, 'rajasridhar@student.tce.edu', '$pbkdf2-sha256$29000$jpEypjSGUEpJCYFQSolR6g$NiO0hhTQc3vMQFf97JIhQ9ExFYPKQYROKK0PySNZ9vo', NULL, NULL, 5),
(116, 'rakeshkumar@student.tce.edu', '$pbkdf2-sha256$29000$7Z0z5jyH8L5XirG2thaCsA$OV4.smCiYdKTvOLCPMYe40pvXqKq9mga1s3RnzoR5BQ', NULL, NULL, 5),
(117, 'roobini@student.tce.edu', '$pbkdf2-sha256$29000$tVaqtfaeE4KQkvKec07pnQ$DCY1Xkxm9/qWndhr0.d0LEeRIJQkF2KD4Qilgouo1RU', NULL, NULL, 5),
(118, 'santhiyadevi@student.tce.edu', '$pbkdf2-sha256$29000$vtdaC4GwVgqB8F5r7d177w$GRnW/z8gnVTCjV1X97vE1dgdAS51ozwJQDbjrlfpr7A', NULL, NULL, 5),
(119, 'saravanamurthi@student.tce.edu', '$pbkdf2-sha256$29000$Pqd0DqG0VspZi5FSSknJOQ$dZKoF5GjySi2izVbGeFRF4LIFULP/Rc8V3hteMYWNSY', NULL, NULL, 5),
(120, 'selvaraj@student.tce.edu', '$pbkdf2-sha256$29000$NuZci/GeU8pZq5VSKmXM.Q$G4Vj4EltGtTCVLsIO81/QkhWXcD40OLj/YWqzTPs/kk', NULL, NULL, 5),
(121, 'senthilkumars@student.tce.edu', '$pbkdf2-sha256$29000$zHmvlVIKgTBGqFXqvff.Pw$bbTBZAv41I9PNB39Nyna4i6/VNzAd.RXxEgCarD14mk', NULL, NULL, 5),
(122, 'shajith@student.tce.edu', '$pbkdf2-sha256$29000$HGMshbBWCkGIsRYiZKy11g$EM8H1Anx/vQQej3/qVVWP.ugJm3lj9cSo3EAssZ7FWY', NULL, NULL, 5),
(123, 'shamitha@student.tce.edu', '$pbkdf2-sha256$29000$mlPq3Vtr7Z3TOsdYC4GQMg$uPD.Zh5jFK.KdN6nwGe3bYUvH7wj1o3oT9m1UicZcaM', NULL, NULL, 5),
(124, 'shanmugam@student.tce.edu', '$pbkdf2-sha256$29000$/n8PodT6X6t1bu0dA4Awxg$NU9OL0vTtZe81fw/sRTmRsJbY1B8szB/abrYo2HKZqc', NULL, NULL, 5),
(125, 'shathyashri@student.tce.edu', '$pbkdf2-sha256$29000$i/Hee..9V6o1htD6vzemtA$25ZaNkJg7apiZUSmtxJMbm5nDDmgcHSDbAhVv7711EQ', NULL, NULL, 5),
(126, 'shrirams@student.tce.edu', '$pbkdf2-sha256$29000$gvB.TynFWCtlrNW69x6jtA$HFQUxnsuxN7xX4SYIeNSpKj2SMCbsUT/sGqNrjWMi0Y', NULL, NULL, 5),
(127, 'sibiganesh@student.tce.edu', '$pbkdf2-sha256$29000$cY6R0lqLUUrJ2fsf45yT0g$lkYbCON2JhTuiG8EIReEoY8B53P.w0MnXlfBeivsKsE', NULL, NULL, 5),
(128, 'ksivaranjani@student.tce.edu', '$pbkdf2-sha256$29000$HcO4l7J2zpnz/r9XirHWug$l2q8jVzLWnk3g5KQKNVcC6WGmWV.nSFEm83iP.QuPkM', NULL, NULL, 5),
(129, 'sridharj@student.tce.edu', '$pbkdf2-sha256$29000$jJHyXusdY4yxFsL435uTEg$tZTYxT8rHLLFYEvd6tYqrMwtx5i2vSfpWB1T4BCRO4Y', NULL, NULL, 5),
(130, 'thamil@student.tce.edu', '$pbkdf2-sha256$29000$GcMY43zvXQvB.J.zFoLQug$qCnkOLp./qIsT5QWXuz.Aq4i57iN.8fxRLgi0QEBpBQ', NULL, NULL, 5),
(131, 'vasanths@student.tce.edu', '$pbkdf2-sha256$29000$w/gfQwjhfG8NAUAoZQxhTA$JF6SaxDxSKNngQ0.LeM/WD23jY8.I3oPdpGs1VTKnj0', NULL, NULL, 5),
(132, 'vibbin@student.tce.edu', '$pbkdf2-sha256$29000$////XwuBkFLKmROCMKZU6g$d7iseRsSOokilO3qxHe6KkGCVDQ.HN8uCAj9rBDN2T4', NULL, NULL, 5),
(133, 'vigneshkumarr@student.tce.edu', '$pbkdf2-sha256$29000$CaFU6p0TwlgrxbjX.v9/Tw$.mi2FedOp116GTNohYvxP79mbbOr4cC9N3NZK2qYKyU', NULL, NULL, 5),
(134, 'vishaal@student.tce.edu', '$pbkdf2-sha256$29000$qnVO6b0XYgyBkNLaW6v1Pg$MNSUWMJxYFnt6vFDLrhDQStowujx4I1LAIzjC.HeHCc', NULL, NULL, 5),
(135, 'vishunukarthickm@student.tce.edu', '$pbkdf2-sha256$29000$6H1PCaG0dk7pXctZC4HQ.g$j.5URH1OL.M0Y/0RhQa1uXgsRk2JVxnbuI1.tRMi0is', NULL, NULL, 5),
(136, 'vishnupriyakj@student.tce.edu', '$pbkdf2-sha256$29000$oFQKYSzlnPMeY6w1hrB2Tg$KtYN/0EG5WFxWWcDpBy3/TI.SaDLF5cH40ksY0t01Mg', NULL, NULL, 5),
(137, 'vishnuraj@student.tce.edu', '$pbkdf2-sha256$29000$wlhLqRUCYMxZC.GcE6I05g$c.RFa0cC2e2D4EGIeUKNAJZGzUO15SERocd2YkhcXBM', NULL, NULL, 5),
(138, 'vishwanath@student.tce.edu', '$pbkdf2-sha256$29000$1zrHuDcGwDhnLGWs9d6bkw$GKgtm9aDo0JcaHUmpNkn0LqREaSl/n8RDI2c7qn6bu8', NULL, NULL, 5),
(139, 'aanchan@student.tce.edu', '$pbkdf2-sha256$29000$ImRMqXVOqVWqldKacw5BqA$yMcIdedtswyGpqzny4LbJ0NhpQ8lfzhURGMh2G.DK3E', NULL, NULL, 5),
(140, 'abishekdk@student.tce.edu', '$pbkdf2-sha256$29000$49y7l1JKqXVOyTmnlDKGkA$AYBk3kJuKxgc5nMlos4Rb2orK/6cdhOF3rpKo0pVsCQ', NULL, NULL, 5),
(141, 'abitha@student.tce.edu', '$pbkdf2-sha256$29000$vRcCoJRyTimFsBbiXEtJCQ$NI0yEBuGn0.au9i6w1kbnmSkESD.nY/533HJo1Uf9/s', NULL, NULL, 5),
(142, 'annamalai@student.tce.edu', '$pbkdf2-sha256$29000$7f2fs1bKGSOEsHYupTQmBA$9IT/2jiDr1L/gqqkjKYUfSNtJSt/7ijR8WM6KMWtGbM', NULL, NULL, 5),
(143, 'anubharathy@student.tce.edu', '$pbkdf2-sha256$29000$ds6Zs3aOMQag9H5PqfX.3w$zrxBkKBveZh/LRp5/cHQMyUwzW94/NRKWptOA839a9Q', NULL, NULL, 5),
(144, 'ashok@student.tce.edu', '$pbkdf2-sha256$29000$cI4xplQKYWwtxVgrhfCesw$lSQbeMyyCKPFVDaRD7it7v4PPeZ6Ba9pVgVT9s01eyA', NULL, NULL, 5),
(145, 'azithkumar@student.tce.edu', '$pbkdf2-sha256$29000$WovR2vvf2zvHuBcixPgfgw$x3.Fqz9iRrmr5Hcs8zPioDgNssZwPTubDw5sADNqUmI', NULL, NULL, 5),
(146, 'balasaravanan@student.tce.edu', '$pbkdf2-sha256$29000$9B5DyNm7V6oVAsD4H8NY6w$Wta6Vwu/SOwFDkOoOMso7JZIS.1zJzhbe/FQ9LTLF2k', NULL, NULL, 5),
(147, 'balajikrishna@student.tce.edu', '$pbkdf2-sha256$29000$es/5v7cWQihlTCklROhdaw$X6N2IEHcdmZoExXJL5jqkQySUd./tJjXSj3HEhZhomQ', NULL, NULL, 5),
(148, 'baraths@student.tce.edu', '$pbkdf2-sha256$29000$0zpn7F2rdS4FwPg/RyhFyA$IWxhhLeHgTwYp3NQoR.cvLzbMHnlCNFh63UJxNWCn4Y', NULL, NULL, 5),
(149, 'bhagavathi@student.tce.edu', '$pbkdf2-sha256$29000$mfM.R6h1rlVKCQEAoLRWag$IRy6Ez/m/M0UTUTpMj4S6cNLpm9FtqIxKuvTadYU5N4', NULL, NULL, 5),
(150, 'bhagyalakshmi@student.tce.edu', '$pbkdf2-sha256$29000$GMN4j1GKcW7NmfP.P8eYEw$bFSR/PzEFI7S1M5er8DP5wJrHHP98fw9S58UOlj4GWw', NULL, NULL, 5),
(151, 'boopathy@student.tce.edu', '$pbkdf2-sha256$29000$Oaf03rt3LqX0vlcKofQeQw$mkoK3GoMLBUeAdjboPBxT.0f01T1Lumdcz4Ju/SIXUo', NULL, NULL, 5),
(152, 'deepakraja@student.tce.edu', '$pbkdf2-sha256$29000$xXjPeS/FmFNKqdW6lzIG4A$rX6n.oG1fZTW6vWpNXgnmpkJTVAfUsctiRehtky.IRA', NULL, NULL, 5),
(153, 'hari@student.tce.edu', '$pbkdf2-sha256$29000$fc8ZYywFwLg3xlgLAaC0dg$vYmDoFaHEsc6tN86lhgP2AtWu5stMHz2uqBuKSO.xSU', NULL, NULL, 5),
(154, 'harisht@student.tce.edu', '$pbkdf2-sha256$29000$IGQMoVTqvVeKUeo9Z4zR2g$IyrFzO86PeOoJmDhh/Vlg2XsEKv/wtvEZVua5tDbjyE', NULL, NULL, 5),
(155, 'ijaas@student.tce.edu', '$pbkdf2-sha256$29000$zrmXMmYMoXROKeU8x3gPYQ$nCbQhCUB0Oib4/VdF7q046QHdcycRm7M5p.CGJ7yTD0', NULL, NULL, 5),
(156, 'kamalinu@student.tce.edu', '$pbkdf2-sha256$29000$de4dY6z1/j9HiPG.F8K4Nw$HOZlpDQ79gp.rpOA3FN.1P0CNeRk4HHuqMgz6Bt5sc4', NULL, NULL, 5),
(157, 'karthikeyanm@student.tce.edu', '$pbkdf2-sha256$29000$hbD2PudcS6l1jpFyDsFYiw$m7bN2iB12qyF.wtpbr4GU7qtwAOkg1EK.vV4yn0hI/0', NULL, NULL, 5),
(158, 'kenneth@student.tce.edu', '$pbkdf2-sha256$29000$xzhnrLUWwlgrxVgrxdhbiw$YnAFSYFiGyFWWDfM.ZKJTD8uWHTjAjv/gh9VWn7esoY', NULL, NULL, 5),
(159, 'krupal@student.tce.edu', '$pbkdf2-sha256$29000$FcK4d25Nybm3dk7J.T9nzA$/BbzgI5oAle9hMwg1ltbwk9nvhAgjcKR1kzSCVEGEMg', NULL, NULL, 5),
(160, 'lokeshkannav@student.tce.edu', '$pbkdf2-sha256$29000$B.D8X2sNASCEkBLinFNKqQ$IHmYiGNPIluujYOcBWMJqPJfRegbaGK5Z7j1zlW5gPg', NULL, NULL, 5),
(161, 'melvin@student.tce.edu', '$pbkdf2-sha256$29000$Q.gdgzAGwBjD.J8T4ryXkg$6wwrK2Z3eZ/5ZwM/N6sfNQ0Zt3ILOsnQ8lQr0OkM4hU', NULL, NULL, 5),
(162, 'muthupriya@student.tce.edu', '$pbkdf2-sha256$29000$IIRQCsE4hxACQGhtba01Jg$AJNithck/99kvFvnpcGGjJmXh3yDPwxnDfw2k0bqNL4', NULL, NULL, 5),
(163, 'nagarjun@student.tce.edu', '$pbkdf2-sha256$29000$NKaUsjaGsDZGiNF6L0XIeQ$vUZ/REiDolvRwoGo14g4c8qqE3hQBszG/ThvFca1QLE', NULL, NULL, 5),
(164, 'nandhakumar@student.tce.edu', '$pbkdf2-sha256$29000$AgDAuFcqZSxlbO2dU2rNWQ$wAHz/lS2cNbQLFWjdZF6C3Qt5B6lVuGDO2ZLYu7kn4s', NULL, NULL, 5),
(165, 'parithipriyan@student.tce.edu', '$pbkdf2-sha256$29000$hNA6Z4zxfs.5lzJGqHXOmQ$.6Lp5bSV1DR53BoW.J50ubRgkstcu2ahDS7lHQxWXjU', NULL, NULL, 5),
(166, 'prabhus@student.tce.edu', '$pbkdf2-sha256$29000$zjnnnNN6T.kdg1DKmVNqbQ$L3oVLk5yPh7pP1RBbuojbhJz0TBGIIqmXpj/CT1QP6o', NULL, NULL, 5),
(167, 'prabum@student.tce.edu', '$pbkdf2-sha256$29000$.7/3HoOQ8p6T8n4vxVhLaQ$sFoQqO97wLQY/SHKBxRj1L15MDUAbOXZ7ySwD6.L7WY', NULL, NULL, 5),
(168, 'pratheesh@student.tce.edu', '$pbkdf2-sha256$29000$7h0jJGTMmfN.L6VUag2BsA$s6laTHR9rj.KpTs76FQCJaWvHYvHFubXxl8bkcGI2RE', NULL, NULL, 5),
(169, 'premkumar@student.tce.edu', '$pbkdf2-sha256$29000$lzImBEColTKm1JoTQgjBGA$2GQh.jlniXpdjC8uDVgdcg0X.EBVYWbUHeUZ6KxnTiI', NULL, NULL, 5),
(170, 'prithan@student.tce.edu', '$pbkdf2-sha256$29000$CwEAIGTMeQ.BMKb0HkMo5Q$iqSH17tbuMykdBNBNdNRQtsMng78.ff2Izc/E2krWko', NULL, NULL, 5),
(171, 'raman@student.tce.edu', '$pbkdf2-sha256$29000$AuAcgzDG2LtXCqHUGgMghA$z3Es5u/irL8bnhjjOygPlQpBfHRy9PD4xVRV3njQM7s', NULL, NULL, 5),
(172, 'ramanthanrmc@student.tce.edu', '$pbkdf2-sha256$29000$DSEEIKRUKkVICaG09v7fGw$iN9KWt6rTmUfsr.poEK5aMC4pGYtWl3VGQy.XQXnjq0', NULL, NULL, 5),
(173, 'ramasamy@student.tce.edu', '$pbkdf2-sha256$29000$LgXAuDemlJKS0lqrNcYYAw$WzHf55gSX8tyl7Aj0NOk5gv7qUkfXJ5uqaoTv.0zB0k', NULL, NULL, 5),
(174, 'rramkumar@student.tce.edu', '$pbkdf2-sha256$29000$u3fu3RtjjDEGoLQWIuTcOw$rJCJrS/T8KnIjrNUTWiQXXrLvAUtD55gqiH0RNHUiwA', NULL, NULL, 5),
(175, 'reshma@student.tce.edu', '$pbkdf2-sha256$29000$AmCsdW6tlRIiROi9l7I2Jg$Uv7otZHj42osMB8zvG7CFnVXaRBg7vc2lCVIm2fhG0w', NULL, NULL, 5),
(176, 'rishikumar@student.tce.edu', '$pbkdf2-sha256$29000$HONcaw0hRKi19l7L.V9rDQ$/M4r5p7Bsj9Z2tvCcvu5YXztDNxnLHM04a67LKXXIu0', NULL, NULL, 5),
(177, 'rishisairam@student.tce.edu', '$pbkdf2-sha256$29000$Ycy51/o/R.id0xrjHAOAcA$KqCDBCLWpQoJfD0vswur7SfgE7D/a5Ij4UarN0jqphg', NULL, NULL, 5),
(178, 'riyazur@student.tce.edu', '$pbkdf2-sha256$29000$.P9/L6UU4nxvDeE85zznPA$eta/aMgu.KE69.vgvUtJLpUm3cwBxfDbU6R12J0s0cY', NULL, NULL, 5),
(179, 'sabari@student.tce.edu', '$pbkdf2-sha256$29000$mTPGmFMqJeRcq7V2bm2N8Q$BFCBZt4TY/lZak59K1Lzv864BOE8MlbMnk0qLtsGiQA', NULL, NULL, 5),
(180, 'santhoshsivan@student.tce.edu', '$pbkdf2-sha256$29000$9V5LifE.h/Ces3bu/R9jLA$ZwPunKUbhd4n5yZafEp4lE0kCsr2j0i8qMOUfkaJbV8', NULL, NULL, 5),
(181, 'santhoshi@student.tce.edu', '$pbkdf2-sha256$29000$1bqXcg5ByPmf8x6DsFYqhQ$7EzkpA3PTaTPXtUhocl21UbVBwY7q8wTvt5BIt75bYE', NULL, NULL, 5),
(182, 'sarveshwaran@student.tce.ed', '$pbkdf2-sha256$29000$dw5BiNGaUyoFwFhrLcUYAw$gS6Hr07xv0uQ88.1ZSR0E/Uzlg/I2WXbeqyfKr/bDfI', NULL, NULL, 5),
(183, 'selvaganesh@student.tce.edu', '$pbkdf2-sha256$29000$nJMSwrg3JsSYM8b435tTyg$eWGMTggwCGlnI6KGMTfbgc2Luu6Lapxrk/qGX8Snru0', NULL, NULL, 5),
(184, 'shreya@student.tce.edu', '$pbkdf2-sha256$29000$PEfonXPuXYuRMqb0nhNCqA$1UJOipX/2uCY4B1/yqojgST4n0zlXoor3DK3WVVrQUk', NULL, NULL, 5),
(185, 'shyamsundar@student.tce.edu', '$pbkdf2-sha256$29000$4nzvfY.xthYCoPT./58zZg$G7VEwi/blCrqrI8Qf17tAQwBL8UoxruB77OV9AFcX40', NULL, NULL, 5),
(186, 'sivakumar@student.tce.edu', '$pbkdf2-sha256$29000$KGXsHaMUQug9BwCgNEZIKQ$nniquauDbSP/AcQn/SKM9zDCDeRWi.ajxPS3RbS1Pt4', NULL, NULL, 5),
(187, 'srinivas@student.tce.edu', '$pbkdf2-sha256$29000$/5/zfo9R6j0nxHgPwdhbiw$ECRMPkmGlZWXTDB.UqaY8XeYWVVrfU5rddHnWp6KlrI', NULL, NULL, 5),
(188, 'suryanarayanan@student.tce.edu', '$pbkdf2-sha256$29000$mTOG8D7H.J/zPidEiNE6Jw$AM6M/a4cgGirQqISq8qIeK28WcDUE8xmHQ3vFfWer94', NULL, NULL, 5),
(189, 'sylesh@student.tce.edu', '$pbkdf2-sha256$29000$3BsDIARA6P1/zxmjtDYmhA$u8OeegoVcGY8F69M8765mGIDE/alKVy.VCE3ouECxRc', NULL, NULL, 5),
(190, 'thirumani@student.tce.edu', '$pbkdf2-sha256$29000$jvF.D0EIAaCUMiZESGmtdQ$dBpMGOPcHzO6I0bA91hRCL9QW0qxBpsobOFeYB.dA8Y', NULL, NULL, 5),
(191, 'vigneswaran@student.tce.edu', '$pbkdf2-sha256$29000$eW.tFSJEiBGCMAbAmJMyxg$25Wl/hzpnSTjYSAVxHLOJOrWRLzwGYDRHDef46.xC18', NULL, NULL, 5),
(192, 'vijaykumar@student.tce.edu', '$pbkdf2-sha256$29000$UqoVwtibMwYAYAzBGENIKQ$CpGMNpIQt..HRnWlN3S6S6bIhjuqs4DXLFSZns5kPe0', NULL, NULL, 5),
(193, 'vijayp@student.tce.edu', '$pbkdf2-sha256$29000$4txby5mz9r7X2jvH2Ls3hg$gIKZ4nGu2tGfGdWMvOVdQUjJ/mye/.GTldAc207DWrA', NULL, NULL, 5),
(194, 'vijaysaravana@student.tce.edu', '$pbkdf2-sha256$29000$NCak1Lp3LoXQGuN8j3EO4Q$KYL/MSLG5uosGI/MmhOQUqsd.ORfCfSyiKT9ns/nuKM', NULL, NULL, 5),
(195, 'vijayvishwanath@student.tce.edu', '$pbkdf2-sha256$29000$7d177/2/d07JWUupFaLU.g$fxD/UPU6f8ZEpqFpqgayc3sMRYlxIsyrfiJTWicIlsM', NULL, NULL, 5),
(196, 'vimalkrishnan@student.tce.edu', '$pbkdf2-sha256$29000$bK0VonSOkRKi1Jqz9p6Tkg$73n3oNHz1g3u5PjtV0qKraew035TOiOQ6Ji09CzwuKM', NULL, NULL, 5),
(197, 'vishnu@student.tce.edu', '$pbkdf2-sha256$29000$ovS.t/be.79XKkVordV6rw$86Ywv3/wiQgNaVphVZuFdOgR791ZvG9jAlHO.9uwWb8', NULL, NULL, 5),
(198, 'vishnuvarthan@student.tce.edu', '$pbkdf2-sha256$29000$Yux9D8HYO0co5XwPIYSw9g$lGNt/WUwT288Lray7sChGM1bc.dkQQIlhR8ojKf0mRU', NULL, NULL, 5),
(199, 'viswass@student.tce.edu', '$pbkdf2-sha256$29000$0fpf6z3HeG8NgTBGyFkLgQ$AzL2rtFQbzwk6weoufVBGYinoOIFnvSHHDZopXcC1/A', NULL, NULL, 5),
(200, 'yogesh@student.tce.edu', '$pbkdf2-sha256$29000$eC9ljFGqlVJqDcF4j/F.rw$maorlnKVwnhp3NJLentIx3diJha1ozas6W97AvQzL8s', NULL, NULL, 5),
(201, 'yuvaraja@student.tce.edu', '$pbkdf2-sha256$29000$g9A6h9Dau5dS6j3H.N97Tw$/kyJ0FcAm9OWGXv.pB0URfV2QA95erq8v4lyV54z85c', NULL, NULL, 5),
(202, 'abishekt@student.tce.edu', '$pbkdf2-sha256$29000$6F0LQQghxDinVMq5N.bc.w$82tatW8DaXxo89uH7ft5GeftlzkB4lV64/7JzEELoH4', NULL, NULL, 5),
(203, 'aakashk@student.tce.edu', '$pbkdf2-sha256$29000$rBVCiLF2zlmrVWqt1ZrTug$OgAZJKPGUmcUDGcB6977Ka95/JR248VSjy9hmCf8bJ8', NULL, NULL, 5),
(204, 'abinayasri@student.tce.edu', '$pbkdf2-sha256$29000$W4txjlFqzXmv9X7PmfPeOw$WZYqOGPUYipCgogNLgh7xCU.Rssab8cVGVoUFx.pJlw', NULL, NULL, 5),
(205, 'amrith@student.tce.edu', '$pbkdf2-sha256$29000$.l8rxXhvLUUo5TwH4Pz//w$l0dEN16FyMVVCnr0ro.vDF8Y63/u/TkI3pFSeX6fN6s', NULL, NULL, 5),
(206, 'aprakketh@student.tce.edu', '$pbkdf2-sha256$29000$8r4XopTyXgtBqLX2fg/hHA$kdr7MGDqb046P9q6VquJQbwFIK6pUTF/P/nQHS9XobQ', NULL, NULL, 5),
(207, 'arishwa@student.tce.edu', '$pbkdf2-sha256$29000$GSMkpFRqjVHqXWsNAcB4jw$imGcUmF5befckr6h2IqW4aT3qS8ztijORzAuZyww5Cw', NULL, NULL, 5),
(208, 'ashokbharathi@student.tce.edu', '$pbkdf2-sha256$29000$/N.b855TKgXAGCPk/P./9w$Qbj1ZVgzZdQwken/U9hSz2SgITnILkG9TWBGWppEqX0', NULL, NULL, 5),
(209, 'ashwinrenalddavid@student.tce.edu', '$pbkdf2-sha256$29000$1zqn9P5fi3GOMcZYqxWiNA$1J7xiaXiKCg6zqBzIxrxJrf0OqPrwuADSW1w80MM3Kw', NULL, NULL, 5),
(210, 'babuprasad@student.tce.edu', '$pbkdf2-sha256$29000$pfS.V4rRmnOuNWYMgXDOWQ$TPjUBW1zr78B6cQ3wCro38Kgr97lXEW8bQPYvb4tMgU', NULL, NULL, 5),
(211, 'balachandarp@student.tce.edu', '$pbkdf2-sha256$29000$TymllJIyBuDc2zvHGKOUkg$a9RpfidiMeW4GRbihs4PTjqV85EbY/SBhU2WfHaj/DA', NULL, NULL, 5),
(212, 'brindhak@student.tce.edu', '$pbkdf2-sha256$29000$wXiv9b73XgsBIATgXAvh3A$lDpoJLhb1Vos5OT2/Wab1jZeTf3/hD6qWWkQOuxsgG8', NULL, NULL, 5),
(213, 'deepakr@student.tce.edu', '$pbkdf2-sha256$29000$A6A05pwzJoQQwjhHCAEgRA$sTW3lMan4AMCVi8GpM6EG9wj74kbfnqt4eV/EKikxCg', NULL, NULL, 5),
(214, 'deepihashini@student.tce.edu', '$pbkdf2-sha256$29000$lfJea41RqtWaM4bQujdmrA$IKmOfJzzjVJIxFfx0oty6V/b5oj6ZKgxGkSAPrbMqTc', NULL, NULL, 5),
(215, 'devaprasad@student.tce.edu', '$pbkdf2-sha256$29000$p9S6l/IeI6Q05pwzBsC49w$Rxs6MK4R5rmqPa.kj8X8ysLRjLWkvYkN1EXxtRBUCf8', NULL, NULL, 5),
(216, 'ekanthan@student.tce.edu', '$pbkdf2-sha256$29000$jBGCUArB2JuzVooRIqRUag$tZ8KNcyoji0Mr.L.km9IsrCUlill/9MHcDDlvkcBEmQ', NULL, NULL, 5),
(217, 'sharanya@student.tce.edu', '$pbkdf2-sha256$29000$JERozdkbw9jbGyOE8L7Xeg$MIEtf00wO0VqEV8ozT8TA2.//j1xPJPkZKMLOsOfiM4', NULL, NULL, 5),
(218, 'suregha@student.tce.edu', '$pbkdf2-sha256$29000$tNZa6917731PSWktZYxRag$qSVltSGpQYmywny5KuWMc4oj8tDpKmMUiwLYsVP72Z4', NULL, NULL, 5),
(219, 'gideon@student.tce.edu', '$pbkdf2-sha256$29000$1vofw3jvPQdgzNl7b43R.g$9CGtp1ZKtnW3tcB74DJixE6O7g3dmixYOdbE74tfzTc', NULL, NULL, 5),
(220, 'deepakrajan@student.tce.edu', '$pbkdf2-sha256$29000$07qX0joHIITQ2vsfA4Dwng$HssoZDJqGg/6aO6t4lDBwMk98NhaUDyRB7rpDS3XjJk', NULL, NULL, 5),
(221, 'gopim@student.tce.edu', '$pbkdf2-sha256$29000$8B6jdC7FGKP0PkdICcG4lw$qJTRJLHNK.vQ8GUgJaNx4yJ/gtcWv2ak8aibfkGxi1A', NULL, NULL, 5),
(222, 'harishsubramanian@student.tce.edu', '$pbkdf2-sha256$29000$nFMqxVgrRShFSOl9D2FMiQ$b1pnHmKjirsODK/fJVpfBaS4awgt6GIQS1LnBccjGT8', NULL, NULL, 5),
(223, 'haritham@student.tce.edu', '$pbkdf2-sha256$29000$yFkLgdA6R4hRitGac05JSQ$VPAmATL3OpMYBCWg3JuHNkP8yLmtMR9CFePmtEhP6tw', NULL, NULL, 5),
(224, 'ilam@student.tce.edu', '$pbkdf2-sha256$29000$ghBiTInR.p9TqrV2bm1NyQ$QSUU1BtRcNgm7vp.9x0y.Ls6brSJBMvja1cLGOS1CGE', NULL, NULL, 5),
(225, 'nithinkrishna@student.tce.edu', '$pbkdf2-sha256$29000$UwoBoDTmPKf0nhMiZOw95w$BS.EBvBWfUyGmdvqlv9CQ3CueX/YaBIpLhU0lL2CfqU', NULL, NULL, 5),
(226, 'jaysree@student.tce.edu', '$pbkdf2-sha256$29000$Tsl5by1FKEWIkbK2NsYYYw$3.DtaJ8D0vWf8dpiXSRb424WCEkFh3MQzwWhCw6xEMM', NULL, NULL, 5),
(227, 'jersonj@student.tce.edu', '$pbkdf2-sha256$29000$mtP6X4uR8r43hrCWspYSwg$5IuleSGCNXxR5k6gchdtnp4zv9p4aIh9F8Y2Pk.m5nw', NULL, NULL, 5),
(228, 'jeyaprasath@student.tce.edu', '$pbkdf2-sha256$29000$HgMgZIwxxphTSimFcA5hTA$MsWzE.ZHwHqGLP6DYUFgYSAnKiufbtkiAudwpbvJE7c', NULL, NULL, 5),
(229, 'lakshminarayanan@student.tce.edu', '$pbkdf2-sha256$29000$nTOm1Brj/D8nhBACgHAOoQ$SU05nby5fB8Jg8JczhvXxZ3v3VyB00I24QAyv6is6D4', NULL, NULL, 5),
(230, 'keerthivarman@student.tce.edu', '$pbkdf2-sha256$29000$NQagVIrxXksphZAyxpizNg$7SWliA7UiW9Q/DIEzseKcNOAVO7zUtJoNpSze6dQdi4', NULL, NULL, 5),
(231, 'rkishore@student.tce.edu', '$pbkdf2-sha256$29000$SclZ653Teg8h5JwzRsjZew$VPfDFbKfMftRHeGxNzTivJcQd6tJZ.8jKaDTeEHDZGc', NULL, NULL, 5),
(232, 'aishwaryakjv@student.tce.edu', '$pbkdf2-sha256$29000$Z0xpTSmlNOZcq3Xu/T/HGA$2LsUW5i.Vk2vp7eFgRsd9qUdRLWeYJ69kj8oVv3oH4I', NULL, NULL, 5),
(233, 'kurinjitha@student.tce.edu', '$pbkdf2-sha256$29000$iZHyHuNcK6VUau3dmxOilA$4HBvHBpnViSZTQRPDzcpnFIfNbI4WurIPSPAwFc0A2w', NULL, NULL, 5),
(234, 'lowkeshwari@student.tce.edu', '$pbkdf2-sha256$29000$2TtnzDlHiFGqtVYqxbiXcg$vOsHvMrECe0UaGL9JwIZSwpicEU0AV5H9h.alm/o57Q', NULL, NULL, 5),
(235, 'mohammedismail@student.tce.edu', '$pbkdf2-sha256$29000$knLu3du7tzYGoHSOcU6pVQ$ol99OSGKPSTo5BAYHaXnmNJVy.iF516OPuXtZRyuS6A', NULL, NULL, 5),
(236, 'muthaiah@student.tce.edu', '$pbkdf2-sha256$29000$wThnbI2x9p5TCsGYc27t3Q$yvtjZ7loSPqQ9pn90aY7O2snWSUOpuEOGRquo1Hq1qE', NULL, NULL, 5),
(237, 'naggaraaja@student.tce.edu', '$pbkdf2-sha256$29000$fu9d6x1jbK31PmcMASDk/A$93CYqvkoofJ6J3PLQqUJv0mbbp7oTujdVN.gRf.xF4I', NULL, NULL, 5),
(238, 'naagaraajan@student.tce.edu', '$pbkdf2-sha256$29000$49xbyzln7B2j9H7v3XuP0Q$lpsO3BCLe3LwvkkZqnnFmneZYv4duAFwRsyV1H.bnl4', NULL, NULL, 5),
(239, 'narendransp@student.tce.edu', '$pbkdf2-sha256$29000$4BzDuLfWGgNAaC3lHINwjg$aPNUujN9uJWtlVibAbtWS3rOpYO53VEcFPIE2lWb9Bo', NULL, NULL, 5),
(240, 'naveenraju@student.tce.edu', '$pbkdf2-sha256$29000$NqaUUgqBsLZWai3l/L/Xeg$/5Y6qjvT5X6SHFAHwTgRw94v0KVELafTuT3mLpxXmEg', NULL, NULL, 5),
(241, 'ramsabarish@student.tce.edu', '$pbkdf2-sha256$29000$T8lZy/kfgxAiZCyFcK61dg$2cj0dFIMf/NYop7ERLhlQOACU5zxIMMsHyECTIKwTLg', NULL, NULL, 5),
(242, 'rishikesshavjs@student.tce.edu', '$pbkdf2-sha256$29000$5pxzjrG2FoKQ0hoDACBk7A$.J8syKmVcqVJ8E4Rd1hzd5BduSOgyT47zQ9UJ5HuW9g', NULL, NULL, 5),
(243, 'rishtaa@student.tce.edu', '$pbkdf2-sha256$29000$KAVgzJnT.h/jPCeE0BoDYA$7Uur3oanADFGNBOM8Z1RE6wJK8pOF/r7/UZvBfaZWZg', NULL, NULL, 5),
(244, 'tamilarasans@student.tce.edu', '$pbkdf2-sha256$29000$mnPuHUNIqfW.9773HgOgdA$hklhuYmDrMjj20Pfb3BFki32DWQ7G/2n1QhhnQBfMaw', NULL, NULL, 5),
(245, 'sabrina@student.tce.edu', '$pbkdf2-sha256$29000$ag1hDAEgZGxtDaGUEsIYAw$pFwQNM/toZmEH3rmk0WV5P75aytT7z8J0rj7qsQUa4U', NULL, NULL, 5),
(246, 'sriharim@student.tce.edu', '$pbkdf2-sha256$29000$EWLsvZdyjlGKEUIoxZjTug$656ntnO33mm/fRKrcaIwF9KIvXMPt2B3ZrKmai3d0P0', NULL, NULL, 5),
(247, 'srivatsav@student.tce.edu', '$pbkdf2-sha256$29000$MkYIYeyd0xrjHIOwVkpJSQ$hipDmmwEGRPkAu8tbbxRU1VOh1uC5ZJH45fMvOar16A', NULL, NULL, 5),
(248, 'nikesh@student.tce.edu', '$pbkdf2-sha256$29000$UOo95xxDCGHsHeNcK.VcCw$Ea7Lgpan6K2RL0saEkFvys3Wnidd3w0/lvjlRrWbHuA', NULL, NULL, 5),
(249, 'vgowtham@student.tce.edu', '$pbkdf2-sha256$29000$.h/jHOP8PwdAqJUSAmCMsQ$MCO2jktsQblvJ.yF8tMkDIYknkOnGuYpAYr1cLbWjpc', NULL, NULL, 5),
(250, 'vvetrivel@student.tce.edu', '$pbkdf2-sha256$29000$8p6zNgbAmFMq5ZzzvhfCeA$nosoLvAXc/UHQu3tcegU7wzfygqjyJrs..jOdU557Tg', NULL, NULL, 5),
(251, 'venkatakishore@student.tce.edu', '$pbkdf2-sha256$29000$NKbUWksJAeB8D2FsLSVESA$wnG0ioGdKT7gYXhvi5ABUQ1ft3ewNT0QV/6AHhylaOs', NULL, NULL, 5),
(252, 'rishwana@student.tce.edu', '$pbkdf2-sha256$29000$ZYzxHkPo/V/LWcu5N8Z4zw$5WmaTJsyLx/HX5Y3KdtiIQ.7Nis6D5atVSWaJV6/II8', NULL, NULL, 5),
(254, 'sam@student.tce.edu', '$pbkdf2-sha256$29000$jjHmHKOUcm4NQQihtLb2Hg$ke6c4GQIXIi8UFYEhCipiLUN536vAU3pfRXse950kJY', NULL, NULL, 5),
(256, 'aadhavan@student.tce.edu', '$pbkdf2-sha256$29000$5Ny7974XYiyllFJKKYXQ2g$WrY1WTAFyxxvKyHoGOC2mV80zr4S94EAigM6ZBZg178', NULL, NULL, 5),
(257, 'abdulfarith@student.tce.edu', '$pbkdf2-sha256$29000$a03JmbO2thZCiBEiZAzhXA$kMCo.FKKdUpK/fuoxguWES5Ow0ynj27k6bo9t3LakGs', NULL, NULL, 5),
(258, 'maishwarya@student.tce.edu', '$pbkdf2-sha256$29000$wbhXao2xVur9n7NWinGOcQ$7A1fUUCyt2j2OCPZIAd/.D3HQ68PzHLOPykw5ZUhdjI', NULL, NULL, 5),
(259, 'alagu@student.tce.edu', '$pbkdf2-sha256$29000$JeQ8B4AQAkBo7Z2TUkqJsQ$VgiCsRgiKBFfmlydeMYTel0SBHFHnY1b6ybflJ8PwRA', NULL, NULL, 5),
(260, 'anguraj@student.tce.edu', '$pbkdf2-sha256$29000$X4vR2vt/L4VQytm7F6K0lg$WKb9TMWOylxcpQVM2WHsqiqC7jwoW7aqP2OTmNVLwRQ', NULL, NULL, 5),
(261, 'rbalaji@student.tce.edu', '$pbkdf2-sha256$29000$v7cW4rz33jsHgFBKSSmldA$5128ht1mv32P439k7Ah2yNSojB4b7R8JapOBgTJ9/PM', NULL, NULL, 5),
(262, 'balajiprabhu@student.tce.edu', '$pbkdf2-sha256$29000$f49xjjFGiPF.DyFkTMm5Vw$E2FxyHag2O2Vev9DVjXCgzqFx2MO2g0zQ1HUXcObYYU', NULL, NULL, 5),
(263, 'boobalankarthick@student.tce.edu', '$pbkdf2-sha256$29000$xdjbe0.J8T4HoBRCaI1RKg$Ugn6tGJL/hCWdsSEv7bTC06d4sSHJ0NvwCYFZsNe2Fw', NULL, NULL, 5),
(264, 'cibhiram@student.tce.edu', '$pbkdf2-sha256$29000$Ysz5H6MUYuwdA4AwpnSulQ$RF7o1ZoABPauIbWUDJH1Y05TEpb0L0ExQApXCnm7RRk', NULL, NULL, 5),
(265, 'devikacg@student.tce.edu', '$pbkdf2-sha256$29000$U0oJYeyd09obw7g3JkQIYQ$XZEeOal/3HWtjdgiUhHJU7tcZ0I0RkfycpMq6er999o', NULL, NULL, 5),
(266, 'dhanushkumar@student.tce.edu', '$pbkdf2-sha256$29000$BsDYO6dUqnUOQai1thbiPA$O.p.mRVIORBApy1a9tq5Ly5NPynj70hCSzBq6qgcF5M', NULL, NULL, 5),
(267, 'dharaneswaran@student.tce.edu', '$pbkdf2-sha256$29000$oRTC.L83JmSstRaC0Jqz9g$hP80z2NcFvL7NqEXpNRfvT7w3yhhUwg/q24ufj3uxz0', NULL, NULL, 5),
(268, 'divyavasantha@student.tce.edu', '$pbkdf2-sha256$29000$gFCKcc6ZE2KsdS5lDAHgfA$jdjguNeFfU9s9lgkkbG4LAvtFAxuETnf6PTJCvqiXow', NULL, NULL, 5),
(269, 'gayathrisrinidhi@student.tce.edu', '$pbkdf2-sha256$29000$1Bqj9D6HUEpJaa01ptQ6xw$iod4tfcqqUEYidFcTVf9joYBUfPPqoH2cB1qyIvWDSE', NULL, NULL, 5),
(270, 'guhans@student.tce.edu', '$pbkdf2-sha256$29000$4dwb45yTspayVkrJuZeScg$/7c7CrD3JEPUcR4V4oOJcU585.EM08l.FgYNg2h4yvA', NULL, NULL, 5),
(271, 'harip@student.tce.edu', '$pbkdf2-sha256$29000$HcNYi7H2XgshpDRmbO19Lw$8Z91VShVR8RB0VaAo5HgzbT/Vr4MD3XRAFLKKUWuKvU', NULL, NULL, 5),
(272, 'harinikarthika@student.tce.edu', '$pbkdf2-sha256$29000$CwHgPMeYk3KOsXZuTWltTQ$SfU8LSM00uWDYl5d0RgbWILtza2nUED1olH6DifgNhU', NULL, NULL, 5),
(273, 'hariprasadm@student.tce.edu', '$pbkdf2-sha256$29000$Z6yV0nqvtbYWwjinVGqN8Q$Up0Tg2wpIQnFEe3FOQ8rU6nn6G67HfxXE5hp8YC6048', NULL, NULL, 5),
(274, 'hemanthkumar@student.tce.edu', '$pbkdf2-sha256$29000$WosRwnivFeL8PyfEuBcixA$CFukQXe/mz0X8sIsr0xj9PkMK/Ry4.eksfscxP08eFQ', NULL, NULL, 5),
(275, 'hemraj@student.tce.edu', '$pbkdf2-sha256$29000$fY/RGiPkvFdqjVEq5dy71w$dcDUElDjgmcHn4m.0BjcG8FPI2U.TrTHjb5j5w1PXzA', NULL, NULL, 5),
(276, 'tiyyagura@student.tce.edu', '$pbkdf2-sha256$29000$Q0jJWasVIuScE2KstXbOGQ$MrNyckSKvMakCK18dcDZapc44TlN1heZdg9xtKaB7bM', NULL, NULL, 5),
(277, 'jeshuran@student.tce.edu', '$pbkdf2-sha256$29000$mpNyjvE.Z6yV8j5HCAEgpA$0JLPtXHhRXP8Jtu2oBiAzINpS.bhixVavAT8hJ2lDNM', NULL, NULL, 5),
(278, 'kessavaram@student.tce.edu', '$pbkdf2-sha256$29000$REgJodTaO2eM8V4rZcx5zw$hA5eM3XphPCgIiTqL2xq9dmM/971TMo74rcXwH4vjoM', NULL, NULL, 5),
(279, 'slogesh@student.tce.edu', '$pbkdf2-sha256$29000$.t/b25uzFqJUKgWgNIYQYg$xwqGG72Jet5Bp9rT0D7Quy5SOp1Z49dJi8Jr3Lk0MVA', NULL, NULL, 5),
(280, 'logeshwaranr@student.tce.edu', '$pbkdf2-sha256$29000$PIeQsvYeI0SI8Z5zDsF4zw$9DKZMuwvQnSD3WFRSGhhuDXQP4gIt01AwN9CIgPWi3k', NULL, NULL, 5),
(281, 'mohamedashwaque@student.tce.edu', '$pbkdf2-sha256$29000$0Np7D0FobW3tHYMQAmAshQ$p7eLuq/MPeG7VTWEsdQ7yYQ23tOxEp3Qs1EulqfKQkE', NULL, NULL, 5),
(282, 'smukesh@student.tce.edu', '$pbkdf2-sha256$29000$8L53DmFMifGeE6I0pjTmPA$lCEcdS4OXVZyPLYlSZQAkZXZ8UxPryyrpja917KomH0', NULL, NULL, 5),
(283, 'neelgats@student.tce.edu', '$pbkdf2-sha256$29000$9J5T6v3/vxdCqLWW8j4npA$4XBf7124aw1pg45grkIo1wjCMu25Gpjm33LBoumq5Tc', NULL, NULL, 5),
(284, 'Pragathiemofellow@gmail.com', '$pbkdf2-sha256$29000$tnYOwfhfi1EqZSzFGAPgnA$CCkaS369Dp/rfAeoKkj8WuFaWe4j36pSn9I2hT9EicA', NULL, NULL, 5),
(285, 'prathikshab@student.tce.edu', '$pbkdf2-sha256$29000$BaAUovQ.p/ReK2VMSSllDA$lcIZV8xaQxglJFti2sgIxR/MIyZjs8soS/3rGcYB0ow', NULL, NULL, 5),
(286, 'rajeshwarimr@student.tce.edu', '$pbkdf2-sha256$29000$OKd0DgEghFDq3bt3LkVozQ$qdXxW7JukjsYshlAAR4j.Qzp3yoSaA8Ujxdb3h4JzIg', NULL, NULL, 5),
(287, 'rakeshvm@student.tce.edu', '$pbkdf2-sha256$29000$aO3dW2utNcaYcy4FwFhLyQ$LFpVF4hnjdm8ldbAVOUfFSOYbRZJmD6PPqiXgtPf73c', NULL, NULL, 5),
(288, 'ramasubramanian@student.tce.edu', '$pbkdf2-sha256$29000$yznnXAvh/B8jJERIidE6hw$XdiX11RYa1.FZICb/J/PLKP6.t.ObgBjyBcZ7AZJaso', NULL, NULL, 5),
(289, 'reshmaevangelin@student.tce.edu', '$pbkdf2-sha256$29000$7j1nTOk955zzfg/hPKc0Rg$xLq8AE3WwrBdH2tuZ0kgDBH8UO/FXwKkC5yt/zamj3I', NULL, NULL, 5),
(290, 'rishenath@student.tce.edu', '$pbkdf2-sha256$29000$PIeQcm5NKaWUEoKwFkLImQ$DyDFkUqCUGKVfdHlefA1g02KHdEtnNWl5.DQGWwGbwA', NULL, NULL, 5),
(291, 'rishivel@student.tce.edu', '$pbkdf2-sha256$29000$C0EIgXAOwRhjLKU0xri3lg$8hSTpY96lO4SzFvODiiIil.R5onai3jBcLAfjz0/5SU', NULL, NULL, 5),
(292, 'saarathi@student.tce.edu', '$pbkdf2-sha256$29000$FQKAkJKy9j6ntLZWai1ljA$mQgFUMbSPpt1eLQQ4a5Ep1an5U6nW7846WiLUF.WTzc', NULL, NULL, 5),
(293, 'sanjaimaheswar@student.tce.edu', '$pbkdf2-sha256$29000$zBljjDGGcE5pTUmJMWYMoQ$s6hP63JKOFavkip/6hgIpc0M08ch4Z30sPA3X7qCPIM', NULL, NULL, 5),
(294, 'bsanjay@student.tce.edu', '$pbkdf2-sha256$29000$W.vduxcCYKwVIqT0vjemlA$MWV5YU6WuTfQGb9pqo8jLbeFI6lbqLpv5A6lqrlB.m0', NULL, NULL, 5),
(295, 'sarveshwarans@student.tce.edu', '$pbkdf2-sha256$29000$D8EYI4QwBiAEYMy51zpnzA$UfzwUdP7M2mY90pFrAkrHV16aKAKOQCo0Che2SeREXU', NULL, NULL, 5),
(296, 'sathishkumarm@student.tce.edu', '$pbkdf2-sha256$29000$NwaAsJaSMqZU6l2LsbYWIg$Ic9m94pB1TF2S/KNeGqRFoEEqf/gWkZ3oXetH3k80MI', NULL, NULL, 5),
(297, 'seshdevanandh@student.tce.edu', '$pbkdf2-sha256$29000$FyKkVCpljLE2xvh/D4Gwlg$LMT3jYmVEGUjXxFWZpX7X.11dsWucJqToc632JgxqXE', NULL, NULL, 5),
(298, 'shanmugaskanda@student.tce.edu', '$pbkdf2-sha256$29000$ZGyNsfZ.z5nzHuP8f2/NuQ$06wYkISFKJjL2legnRtJ95re3vGMUeSo5/rkImSNsIs', NULL, NULL, 5),
(299, 'sreenidhi@student.tce.edu', '$pbkdf2-sha256$29000$6j3n3BsD4Jzzfu89p/Qegw$PVa/NbEOtoWEN7W1jWwkGWT7Rd9uvTq4b2Cp5LWoo2I', NULL, NULL, 5),
(300, 'srikrishnasamy@student.tce.edu', '$pbkdf2-sha256$29000$1JqTUsoZg7C2Nsa4F4Jwbg$WVifHvLfrqD1QOe.EZEA7sUPB9eOOS0g9btDZaz3LSI', NULL, NULL, 5),
(301, 'sriroophika@student.tce.edu', '$pbkdf2-sha256$29000$aS3FmPM.x/j/nxOiFCLkvA$WePxuE7xTjCmbJeygKU7eBUxe90VCqrlgSN0ri.QzbE', NULL, NULL, 5),
(302, 'suriyapavithra@student.tce.edu', '$pbkdf2-sha256$29000$LwVgDIFQqjWmVMq5lzImBA$Km0LWmiaTSGIIDGq/56r4T6VvSNv4Jai00OvRcQYEpI', NULL, NULL, 5),
(303, 'suriyaprakashtm@student.tce.edu', '$pbkdf2-sha256$29000$ujemdG6NsXbO2bv33lsrBQ$IANNE8wTbO75ML0OgdsI3gVtmrXXREWip9V4XoKInOo', NULL, NULL, 5),
(304, 'susendhra@student.tce.edu', '$pbkdf2-sha256$29000$A6D0nnPuXWvt3ft/TymlNA$qf485h0/hR1eNR0haPQFBATrRiHeCjoMdmP3ycaSn5w', NULL, NULL, 5),
(305, 'swarnika@student.tce.edu', '$pbkdf2-sha256$29000$4Vzrvff.H.PcW0sp5ZzT2g$xBMKK3r89hTe2LwcLho28cLQVoY4cWmBduZzhMXph9M', NULL, NULL, 5),
(306, 'sswetha1@student.tce.edu', '$pbkdf2-sha256$29000$/N.bc05pbQ0hBGDMmVNKKQ$/7wt3McN4O28B64WcZs1WgKSiYng1tZx391t3O6z/aw', NULL, NULL, 5),
(307, 'thangatamil@student.tce.edu', '$pbkdf2-sha256$29000$bc35v/d.DyHEOEfo/V8LYQ$hlOEf8eOf8ugNlOk/hpbAX3WOVZjE.jIAtkq1E7WQF0', NULL, NULL, 5),
(308, 'veeramothinath@student.tce.edu', '$pbkdf2-sha256$29000$hlCKMQaA8P4/B0AIIWRsLQ$Hd88IqBP2PayVMDqWyeamd7jKuZLcqRwjITV2REsSN4', NULL, NULL, 5),
(309, 'vetriselvan@student.tce.edu', '$pbkdf2-sha256$29000$WQsBAOB8rzUGQOj9P2eMUQ$mh39hJXPBLhJv5NmnrQkEHsX7.aSIyY6H/nzUle2PXA', NULL, NULL, 5),
(310, 'vetrivinayagan@student.tce.edu', '$pbkdf2-sha256$29000$8B6jVKoVYuydU.r9v3eO0Q$CqiOsqwvTU5OpOjDBlXocbfngjsS.Qhdb4IjMM9tWZ4', NULL, NULL, 5),
(311, 'marutha@student.tce.edu', '$pbkdf2-sha256$29000$slZKaS2FMOZc692bkzKGUA$CLiVo36cNp4F4Bynt6fddl8npENePfw0we5phyOkBlQ', NULL, NULL, 5),
(312, 'jayaraj@student.tce.edu', '$pbkdf2-sha256$29000$bO3dWwsBAEAIgRCCEOK8Fw$ldPbrvd8zP.r5dhle6H4nW0Ay8svfuhMMRjnkHRH6Yc', NULL, NULL, 5),
(313, 'harshavardhan@student.tce.edu', '$pbkdf2-sha256$29000$v9e6l1IqRah1rjUGAMA4Zw$xHNpuww.nXyvAZzn258aOoqWL3T9lk..4qySYrLqpl4', NULL, NULL, 5),
(314, 'vishwam@student.tce.edu', '$pbkdf2-sha256$29000$DCEkBEBoDUFIyfm/txYCoA$zvSu2B.05uPlFa/Ic.mt5m2Ec0a.i..1AlgsNiM9jac', NULL, NULL, 5),
(315, 'rajasekarr@student.tce.edu', '$pbkdf2-sha256$29000$8d6bMybk3BujFKJUCoFwzg$Y0KvuNRNsNXdRqe/YgE/z8V7mEunQAgNbyGzcM4101s', NULL, NULL, 5);

--
-- Indexes for dumped tables
--

--
-- Indexes for table `auth_group`
--
ALTER TABLE `auth_group`
  ADD PRIMARY KEY (`id`),
  ADD UNIQUE KEY `name` (`name`);

--
-- Indexes for table `auth_group_permissions`
--
ALTER TABLE `auth_group_permissions`
  ADD PRIMARY KEY (`id`),
  ADD UNIQUE KEY `auth_group_permissions_group_id_permission_id_0cd325b0_uniq` (`group_id`,`permission_id`),
  ADD KEY `auth_group_permissio_permission_id_84c5c92e_fk_auth_perm` (`permission_id`);

--
-- Indexes for table `auth_permission`
--
ALTER TABLE `auth_permission`
  ADD PRIMARY KEY (`id`),
  ADD UNIQUE KEY `auth_permission_content_type_id_codename_01ab375a_uniq` (`content_type_id`,`codename`);

--
-- Indexes for table `auth_user`
--
ALTER TABLE `auth_user`
  ADD PRIMARY KEY (`id`),
  ADD UNIQUE KEY `username` (`username`);

--
-- Indexes for table `auth_user_groups`
--
ALTER TABLE `auth_user_groups`
  ADD PRIMARY KEY (`id`),
  ADD UNIQUE KEY `auth_user_groups_user_id_group_id_94350c0c_uniq` (`user_id`,`group_id`),
  ADD KEY `auth_user_groups_group_id_97559544_fk_auth_group_id` (`group_id`);

--
-- Indexes for table `auth_user_user_permissions`
--
ALTER TABLE `auth_user_user_permissions`
  ADD PRIMARY KEY (`id`),
  ADD UNIQUE KEY `auth_user_user_permissions_user_id_permission_id_14a6b632_uniq` (`user_id`,`permission_id`),
  ADD KEY `auth_user_user_permi_permission_id_1fbb5f2c_fk_auth_perm` (`permission_id`);

--
-- Indexes for table `django_admin_log`
--
ALTER TABLE `django_admin_log`
  ADD PRIMARY KEY (`id`),
  ADD KEY `django_admin_log_content_type_id_c4bce8eb_fk_django_co` (`content_type_id`),
  ADD KEY `django_admin_log_user_id_c564eba6_fk_auth_user_id` (`user_id`);

--
-- Indexes for table `django_content_type`
--
ALTER TABLE `django_content_type`
  ADD PRIMARY KEY (`id`),
  ADD UNIQUE KEY `django_content_type_app_label_model_76bd3d3b_uniq` (`app_label`,`model`);

--
-- Indexes for table `django_migrations`
--
ALTER TABLE `django_migrations`
  ADD PRIMARY KEY (`id`);

--
-- Indexes for table `django_session`
--
ALTER TABLE `django_session`
  ADD PRIMARY KEY (`session_key`),
  ADD KEY `django_session_expire_date_a5c62663` (`expire_date`);

--
-- Indexes for table `mectworkplace_bio`
--
ALTER TABLE `mectworkplace_bio`
  ADD PRIMARY KEY (`userid`),
  ADD UNIQUE KEY `mobile` (`mobile`),
  ADD UNIQUE KEY `altemail` (`altemail`),
  ADD KEY `fk_bio_id1_idx` (`userid`);

--
-- Indexes for table `mectworkplace_certificate_details`
--
ALTER TABLE `mectworkplace_certificate_details`
  ADD PRIMARY KEY (`id`);

--
-- Indexes for table `mectworkplace_comment`
--
ALTER TABLE `mectworkplace_comment`
  ADD PRIMARY KEY (`id`),
  ADD KEY `fk_comment_posts1_idx` (`postid`),
  ADD KEY `fk_comment_id1_id` (`userid`);

--
-- Indexes for table `mectworkplace_darkmode`
--
ALTER TABLE `mectworkplace_darkmode`
  ADD PRIMARY KEY (`id`);

--
-- Indexes for table `mectworkplace_eventqueries`
--
ALTER TABLE `mectworkplace_eventqueries`
  ADD PRIMARY KEY (`id`);

--
-- Indexes for table `mectworkplace_events`
--
ALTER TABLE `mectworkplace_events`
  ADD PRIMARY KEY (`eventid`);

--
-- Indexes for table `mectworkplace_eventupdate`
--
ALTER TABLE `mectworkplace_eventupdate`
  ADD PRIMARY KEY (`id`);

--
-- Indexes for table `mectworkplace_fcmdata`
--
ALTER TABLE `mectworkplace_fcmdata`
  ADD PRIMARY KEY (`id`);

--
-- Indexes for table `mectworkplace_followers_group`
--
ALTER TABLE `mectworkplace_followers_group`
  ADD PRIMARY KEY (`id`),
  ADD KEY `fk_followers_group_groups1_idx` (`groupid`);

--
-- Indexes for table `mectworkplace_followers_people`
--
ALTER TABLE `mectworkplace_followers_people`
  ADD PRIMARY KEY (`id`),
  ADD KEY `fk_followers_people_id1_idx` (`id_to_follow`),
  ADD KEY `fk_followers_people_id2_idx` (`id_follow`);

--
-- Indexes for table `mectworkplace_group`
--
ALTER TABLE `mectworkplace_group`
  ADD PRIMARY KEY (`groupid`),
  ADD UNIQUE KEY `groupname` (`groupname`),
  ADD KEY `fk_groups_id1_idx` (`adminid`);

--
-- Indexes for table `mectworkplace_like`
--
ALTER TABLE `mectworkplace_like`
  ADD PRIMARY KEY (`id`),
  ADD KEY `fk_like_posts1_idx` (`postid`),
  ADD KEY `fk_like_id1_idx` (`userid`);

--
-- Indexes for table `mectworkplace_logout`
--
ALTER TABLE `mectworkplace_logout`
  ADD PRIMARY KEY (`id`);

--
-- Indexes for table `mectworkplace_notificationcount`
--
ALTER TABLE `mectworkplace_notificationcount`
  ADD PRIMARY KEY (`id`);

--
-- Indexes for table `mectworkplace_ntime`
--
ALTER TABLE `mectworkplace_ntime`
  ADD PRIMARY KEY (`id`);

--
-- Indexes for table `mectworkplace_posts`
--
ALTER TABLE `mectworkplace_posts`
  ADD PRIMARY KEY (`postid`),
  ADD KEY `fk_posts_groups1_idx` (`groupid`),
  ADD KEY `fk_posts_id1_idx` (`userid`);

--
-- Indexes for table `mectworkplace_privatepost`
--
ALTER TABLE `mectworkplace_privatepost`
  ADD PRIMARY KEY (`id`);

--
-- Indexes for table `mectworkplace_privatereply`
--
ALTER TABLE `mectworkplace_privatereply`
  ADD PRIMARY KEY (`id`),
  ADD KEY `fk_privatereply_id1_idx` (`idfrom`),
  ADD KEY `fk_privatereply_id2_idx` (`idto`);

--
-- Indexes for table `mectworkplace_registration`
--
ALTER TABLE `mectworkplace_registration`
  ADD PRIMARY KEY (`id`);

--
-- Indexes for table `mectworkplace_studentdetails`
--
ALTER TABLE `mectworkplace_studentdetails`
  ADD PRIMARY KEY (`id`),
  ADD UNIQUE KEY `userid` (`userid`);

--
-- Indexes for table `mectworkplace_td`
--
ALTER TABLE `mectworkplace_td`
  ADD PRIMARY KEY (`id`),
  ADD UNIQUE KEY `student` (`student`);

--
-- Indexes for table `mectworkplace_userid`
--
ALTER TABLE `mectworkplace_userid`
  ADD PRIMARY KEY (`userid`),
  ADD UNIQUE KEY `email` (`email`);

--
-- AUTO_INCREMENT for dumped tables
--

--
-- AUTO_INCREMENT for table `auth_group`
--
ALTER TABLE `auth_group`
  MODIFY `id` int(11) NOT NULL AUTO_INCREMENT;

--
-- AUTO_INCREMENT for table `auth_group_permissions`
--
ALTER TABLE `auth_group_permissions`
  MODIFY `id` int(11) NOT NULL AUTO_INCREMENT;

--
-- AUTO_INCREMENT for table `auth_permission`
--
ALTER TABLE `auth_permission`
  MODIFY `id` int(11) NOT NULL AUTO_INCREMENT, AUTO_INCREMENT=113;

--
-- AUTO_INCREMENT for table `auth_user`
--
ALTER TABLE `auth_user`
  MODIFY `id` int(11) NOT NULL AUTO_INCREMENT;

--
-- AUTO_INCREMENT for table `auth_user_groups`
--
ALTER TABLE `auth_user_groups`
  MODIFY `id` int(11) NOT NULL AUTO_INCREMENT;

--
-- AUTO_INCREMENT for table `auth_user_user_permissions`
--
ALTER TABLE `auth_user_user_permissions`
  MODIFY `id` int(11) NOT NULL AUTO_INCREMENT;

--
-- AUTO_INCREMENT for table `django_admin_log`
--
ALTER TABLE `django_admin_log`
  MODIFY `id` int(11) NOT NULL AUTO_INCREMENT;

--
-- AUTO_INCREMENT for table `django_content_type`
--
ALTER TABLE `django_content_type`
  MODIFY `id` int(11) NOT NULL AUTO_INCREMENT, AUTO_INCREMENT=29;

--
-- AUTO_INCREMENT for table `django_migrations`
--
ALTER TABLE `django_migrations`
  MODIFY `id` int(11) NOT NULL AUTO_INCREMENT, AUTO_INCREMENT=26;

--
-- AUTO_INCREMENT for table `mectworkplace_certificate_details`
--
ALTER TABLE `mectworkplace_certificate_details`
  MODIFY `id` int(11) NOT NULL AUTO_INCREMENT;

--
-- AUTO_INCREMENT for table `mectworkplace_comment`
--
ALTER TABLE `mectworkplace_comment`
  MODIFY `id` int(11) NOT NULL AUTO_INCREMENT;

--
-- AUTO_INCREMENT for table `mectworkplace_darkmode`
--
ALTER TABLE `mectworkplace_darkmode`
  MODIFY `id` int(11) NOT NULL AUTO_INCREMENT, AUTO_INCREMENT=328;

--
-- AUTO_INCREMENT for table `mectworkplace_eventqueries`
--
ALTER TABLE `mectworkplace_eventqueries`
  MODIFY `id` int(11) NOT NULL AUTO_INCREMENT;

--
-- AUTO_INCREMENT for table `mectworkplace_events`
--
ALTER TABLE `mectworkplace_events`
  MODIFY `eventid` int(11) NOT NULL AUTO_INCREMENT;

--
-- AUTO_INCREMENT for table `mectworkplace_eventupdate`
--
ALTER TABLE `mectworkplace_eventupdate`
  MODIFY `id` int(11) NOT NULL AUTO_INCREMENT;

--
-- AUTO_INCREMENT for table `mectworkplace_fcmdata`
--
ALTER TABLE `mectworkplace_fcmdata`
  MODIFY `id` int(11) NOT NULL AUTO_INCREMENT;

--
-- AUTO_INCREMENT for table `mectworkplace_followers_group`
--
ALTER TABLE `mectworkplace_followers_group`
  MODIFY `id` int(11) NOT NULL AUTO_INCREMENT;

--
-- AUTO_INCREMENT for table `mectworkplace_followers_people`
--
ALTER TABLE `mectworkplace_followers_people`
  MODIFY `id` int(11) NOT NULL AUTO_INCREMENT;

--
-- AUTO_INCREMENT for table `mectworkplace_group`
--
ALTER TABLE `mectworkplace_group`
  MODIFY `groupid` int(11) NOT NULL AUTO_INCREMENT, AUTO_INCREMENT=5;

--
-- AUTO_INCREMENT for table `mectworkplace_like`
--
ALTER TABLE `mectworkplace_like`
  MODIFY `id` int(11) NOT NULL AUTO_INCREMENT;

--
-- AUTO_INCREMENT for table `mectworkplace_logout`
--
ALTER TABLE `mectworkplace_logout`
  MODIFY `id` int(11) NOT NULL AUTO_INCREMENT, AUTO_INCREMENT=328;

--
-- AUTO_INCREMENT for table `mectworkplace_notificationcount`
--
ALTER TABLE `mectworkplace_notificationcount`
  MODIFY `id` int(11) NOT NULL AUTO_INCREMENT, AUTO_INCREMENT=328;

--
-- AUTO_INCREMENT for table `mectworkplace_ntime`
--
ALTER TABLE `mectworkplace_ntime`
  MODIFY `id` int(11) NOT NULL AUTO_INCREMENT, AUTO_INCREMENT=328;

--
-- AUTO_INCREMENT for table `mectworkplace_posts`
--
ALTER TABLE `mectworkplace_posts`
  MODIFY `postid` int(11) NOT NULL AUTO_INCREMENT;

--
-- AUTO_INCREMENT for table `mectworkplace_privatepost`
--
ALTER TABLE `mectworkplace_privatepost`
  MODIFY `id` int(11) NOT NULL AUTO_INCREMENT;

--
-- AUTO_INCREMENT for table `mectworkplace_privatereply`
--
ALTER TABLE `mectworkplace_privatereply`
  MODIFY `id` int(11) NOT NULL AUTO_INCREMENT;

--
-- AUTO_INCREMENT for table `mectworkplace_registration`
--
ALTER TABLE `mectworkplace_registration`
  MODIFY `id` int(11) NOT NULL AUTO_INCREMENT;

--
-- AUTO_INCREMENT for table `mectworkplace_studentdetails`
--
ALTER TABLE `mectworkplace_studentdetails`
  MODIFY `id` int(11) NOT NULL AUTO_INCREMENT;

--
-- AUTO_INCREMENT for table `mectworkplace_td`
--
ALTER TABLE `mectworkplace_td`
  MODIFY `id` int(11) NOT NULL AUTO_INCREMENT;

--
-- AUTO_INCREMENT for table `mectworkplace_userid`
--
ALTER TABLE `mectworkplace_userid`
  MODIFY `userid` int(11) NOT NULL AUTO_INCREMENT, AUTO_INCREMENT=316;

--
-- Constraints for dumped tables
--

--
-- Constraints for table `auth_group_permissions`
--
ALTER TABLE `auth_group_permissions`
  ADD CONSTRAINT `auth_group_permissio_permission_id_84c5c92e_fk_auth_perm` FOREIGN KEY (`permission_id`) REFERENCES `auth_permission` (`id`),
  ADD CONSTRAINT `auth_group_permissions_group_id_b120cbf9_fk_auth_group_id` FOREIGN KEY (`group_id`) REFERENCES `auth_group` (`id`);

--
-- Constraints for table `auth_permission`
--
ALTER TABLE `auth_permission`
  ADD CONSTRAINT `auth_permission_content_type_id_2f476e4b_fk_django_co` FOREIGN KEY (`content_type_id`) REFERENCES `django_content_type` (`id`);

--
-- Constraints for table `auth_user_groups`
--
ALTER TABLE `auth_user_groups`
  ADD CONSTRAINT `auth_user_groups_group_id_97559544_fk_auth_group_id` FOREIGN KEY (`group_id`) REFERENCES `auth_group` (`id`),
  ADD CONSTRAINT `auth_user_groups_user_id_6a12ed8b_fk_auth_user_id` FOREIGN KEY (`user_id`) REFERENCES `auth_user` (`id`);

--
-- Constraints for table `auth_user_user_permissions`
--
ALTER TABLE `auth_user_user_permissions`
  ADD CONSTRAINT `auth_user_user_permi_permission_id_1fbb5f2c_fk_auth_perm` FOREIGN KEY (`permission_id`) REFERENCES `auth_permission` (`id`),
  ADD CONSTRAINT `auth_user_user_permissions_user_id_a95ead1b_fk_auth_user_id` FOREIGN KEY (`user_id`) REFERENCES `auth_user` (`id`);

--
-- Constraints for table `django_admin_log`
--
ALTER TABLE `django_admin_log`
  ADD CONSTRAINT `django_admin_log_content_type_id_c4bce8eb_fk_django_co` FOREIGN KEY (`content_type_id`) REFERENCES `django_content_type` (`id`),
  ADD CONSTRAINT `django_admin_log_user_id_c564eba6_fk_auth_user_id` FOREIGN KEY (`user_id`) REFERENCES `auth_user` (`id`);
COMMIT;

/*!40101 SET CHARACTER_SET_CLIENT=@OLD_CHARACTER_SET_CLIENT */;
/*!40101 SET CHARACTER_SET_RESULTS=@OLD_CHARACTER_SET_RESULTS */;
/*!40101 SET COLLATION_CONNECTION=@OLD_COLLATION_CONNECTION */;
